region_i,region_j,ols_mse,lasso_nested_mse,improvement_percent,full_refit_alpha,full_refit_feature_count
banks_superior_temporal_sulcus_left,caudal_anterior_cingulate_cortex_left,0.00257163777204204,0.0025446032969389147,1.0512551727554613,0.0372759372031494,0
banks_superior_temporal_sulcus_left,caudal_middle_frontal_gyrus_left,0.0037522269898881484,0.00460891006876753,-22.83132340308971,1.0,0
banks_superior_temporal_sulcus_left,cuneus_left,0.003714035418385961,0.004714101969458,-26.92668320073927,0.04714866363457394,0
banks_superior_temporal_sulcus_left,entorhinal_cortex_left,0.0033130416428424282,0.003850785474055419,-16.231122007619337,1.0,0
banks_superior_temporal_sulcus_left,fusiform_gyrus_left,0.002410639584230256,0.0012593466359468813,47.75881702992094,0.018420699693267165,4
banks_superior_temporal_sulcus_left,inferior_parietal_gyrus_left,0.00474642987083382,0.004952928659390826,-4.350612864332285,1.0,0
banks_superior_temporal_sulcus_left,inferior_temporal_gyrus_left,0.002277328220941901,0.00217738834065324,4.3884706371980835,1.0,0
banks_superior_temporal_sulcus_left,cingulate_gyrus_isthmus_left,0.0036579587780910306,0.003448957179350998,5.713612739209265,1.0,0
banks_superior_temporal_sulcus_left,lateral_occipital_cortex_left,0.003945045285126663,0.003805546673355628,3.536045892729367,0.004498432668969444,16
banks_superior_temporal_sulcus_left,lateral_orbitofrontal_cortex_left,0.005545943965314376,0.006479552201796356,-16.83407265419526,0.04714866363457394,0
banks_superior_temporal_sulcus_left,lingual_gyrus_left,0.004047441887516983,0.003861439018645404,4.5955661388306615,1.0,0
banks_superior_temporal_sulcus_left,medial_orbitofrontal_gyrus_left,0.0026750523081772878,0.0030283968575670742,-13.208883740690155,0.0372759372031494,0
banks_superior_temporal_sulcus_left,middle_temporal_gyrus_left,0.005118438461025196,0.004851377935542668,5.217617199387738,1.0,0
banks_superior_temporal_sulcus_left,parahippocampal_gyrus_left,0.003811882261520051,0.00240615084654449,36.87761894342986,0.023299518105153717,2
banks_superior_temporal_sulcus_left,paracentral_gyrus_left,0.002970081178062947,0.004968143357595824,-67.27298210872439,1.0,0
banks_superior_temporal_sulcus_left,inferior_frontal_gyrus_pars_opercularis_left,0.005620158717818433,0.005194044316027095,7.581892668624528,0.023299518105153717,4
banks_superior_temporal_sulcus_left,inferior_frontal_gyrus_pars_orbitalis_left,0.003944898233399608,0.004581053185249496,-16.12601679972024,0.023299518105153717,8
banks_superior_temporal_sulcus_left,inferior_frontal_gyrus_pars_triangularis_left,0.003083364602887645,0.003468559820788255,-12.492691183516389,0.0372759372031494,1
banks_superior_temporal_sulcus_left,pericalcarine_cortex_left,0.0016556499803569234,0.0016085312625486916,2.8459347306049527,0.029470517025518096,0
banks_superior_temporal_sulcus_left,postcentral_gyrus_left,0.0064486667263846725,0.005546226857584609,13.994208525426465,1.0,0
banks_superior_temporal_sulcus_left,posterior_cingulate_gyrus_left,0.0031031254028327966,0.003121116783801689,-0.5797825944278117,0.0071968567300115215,14
banks_superior_temporal_sulcus_left,precentral_gyrus_left,0.005770254372472952,0.00575436353545133,0.27539231368081163,1.0,0
banks_superior_temporal_sulcus_left,precuneus_left,0.004109738650515445,0.005202779134036625,-26.5963501933168,0.04714866363457394,0
banks_superior_temporal_sulcus_left,rostral_anterior_cingulate_cortex_left,0.003092223411287791,0.002240674071752906,27.538415769908674,0.018420699693267165,7
banks_superior_temporal_sulcus_left,rostral_middle_frontal_gyrus_left,0.004310627851181707,0.004532382836182233,-5.144377864578016,0.0372759372031494,3
banks_superior_temporal_sulcus_left,superior_frontal_gyrus_left,0.006965294955452621,0.007406014757116205,-6.327367390501909,0.05963623316594643,0
banks_superior_temporal_sulcus_left,superior_parietal_gyrus_left,0.0014803488411691047,0.0025405829711754382,-71.62056000050733,0.029470517025518096,1
banks_superior_temporal_sulcus_left,superior_temporal_gyrus_left,0.003995286552932728,0.00417540433334194,-4.508256867758253,1.0,0
banks_superior_temporal_sulcus_left,supramarginal_gyrus_left,0.009171088189231019,0.00609850564495152,33.502922236506485,1e-05,18
banks_superior_temporal_sulcus_left,frontal_pole_left,0.0018696085729886882,0.0021173317943009844,-13.250004567335443,0.023299518105153717,3
banks_superior_temporal_sulcus_left,temporal_pole_left,0.004700695559343981,0.004462624885732765,5.064583966472418,1.0,0
banks_superior_temporal_sulcus_left,transverse_temporal_gyrus_left,0.0034809946447132644,0.0031942394212314093,8.237738139510284,1.0,0
banks_superior_temporal_sulcus_left,insula_left,0.00515323315360043,0.00511995014373694,0.645866563212583,1.0,0
banks_superior_temporal_sulcus_left,banks_superior_temporal_sulcus_right,0.00485588962285168,0.004492940969343075,7.474400814231419,0.018420699693267165,8
banks_superior_temporal_sulcus_left,caudal_anterior_cingulate_cortex_right,0.003854634755190671,0.003078688886585481,20.130204750535636,1e-05,18
banks_superior_temporal_sulcus_left,caudal_middle_frontal_gyrus_right,0.0016778302002577493,0.0018231622670343112,-8.661905522634882,0.029470517025518096,0
banks_superior_temporal_sulcus_left,cuneus_right,0.0040666992614912315,0.0030257596640047967,25.596670187623587,0.029470517025518096,3
banks_superior_temporal_sulcus_left,entorhinal_cortex_right,0.003549365547719277,0.004293242315664897,-20.958020748908613,1.0,0
banks_superior_temporal_sulcus_left,fusiform_gyrus_right,0.003339045704615172,0.0034138229770850495,-2.2394803511231305,1.0,0
banks_superior_temporal_sulcus_left,inferior_parietal_gyrus_right,0.005074021810605016,0.005336026972445331,-5.1636585655329235,1.0,0
banks_superior_temporal_sulcus_left,inferior_temporal_gyrus_right,0.002916954848517696,0.0032949605640361077,-12.958915552309705,6.55128556859551e-05,18
banks_superior_temporal_sulcus_left,cingulate_gyrus_isthmus_right,0.004784122987006576,0.004647494067463562,2.855882257084345,1.0,0
banks_superior_temporal_sulcus_left,lateral_occipital_cortex_right,0.006096570704093108,0.0061435336349206495,-0.7703171685684087,1.0,0
banks_superior_temporal_sulcus_left,lateral_orbitofrontal_cortex_right,0.003050490580974294,0.0030440347701600912,0.21163188814505426,1e-05,18
banks_superior_temporal_sulcus_left,lingual_gyrus_right,0.0029421964701345344,0.0030128636433501875,-2.401850927800951,0.018420699693267165,7
banks_superior_temporal_sulcus_left,medial_orbitofrontal_gyrus_right,0.0026154491072860613,0.0028102579290203923,-7.448388928373214,0.023299518105153717,4
banks_superior_temporal_sulcus_left,middle_temporal_gyrus_right,0.0037207852238626015,0.004377589841370197,-17.652312025303008,0.0022229964825261957,18
banks_superior_temporal_sulcus_left,parahippocampal_gyrus_right,0.0016799989436106046,0.002166396724032165,-28.95226703989519,0.01151395399326447,9
banks_superior_temporal_sulcus_left,paracentral_gyrus_right,0.005534126042016536,0.006162957785018377,-11.362801248608813,0.0010985411419875584,18
banks_superior_temporal_sulcus_left,inferior_frontal_gyrus_pars_opercularis_right,0.0038480702966335292,0.00418352336468024,-8.717436070234488,1.0,0
banks_superior_temporal_sulcus_left,inferior_frontal_gyrus_pars_orbitalis_right,0.0026392561936556844,0.0026999534178477457,-2.2997852325957213,1.0,0
banks_superior_temporal_sulcus_left,inferior_frontal_gyrus_pars_triangularis_right,0.005125416518335568,0.00546094911919301,-6.5464455358333185,1.0,0
banks_superior_temporal_sulcus_left,pericalcarine_cortex_right,0.0028647679175228848,0.0015947326422636162,44.332920216358964,0.018420699693267165,5
banks_superior_temporal_sulcus_left,postcentral_gyrus_right,0.004054540694531861,0.0038077490621986052,6.08679628412882,0.005689866029018293,13
banks_superior_temporal_sulcus_left,posterior_cingulate_gyrus_right,0.005635190491337377,0.00485969988747479,13.761568576159044,1.0,0
banks_superior_temporal_sulcus_left,precentral_gyrus_right,0.002339622434270616,0.002756757187820239,-17.82914830356659,0.029470517025518096,1
banks_superior_temporal_sulcus_left,precuneus_right,0.0035999051080332716,0.0030493026299781346,15.29491643617091,1.0,0
banks_superior_temporal_sulcus_left,rostral_anterior_cingulate_cortex_right,0.003141957629751245,0.0034575062066864106,-10.04305640366475,0.0372759372031494,1
banks_superior_temporal_sulcus_left,rostral_middle_frontal_gyrus_right,0.003513408938782493,0.003721950958939653,-5.935603392340264,0.0372759372031494,1
banks_superior_temporal_sulcus_left,superior_frontal_gyrus_right,0.002556289986298701,0.0023400603292680153,8.458729572530558,0.002811768697974231,15
banks_superior_temporal_sulcus_left,superior_parietal_gyrus_right,0.0015556383467186603,0.0021349582639348624,-37.240012657066046,0.018420699693267165,5
banks_superior_temporal_sulcus_left,superior_temporal_gyrus_right,0.0034877426851740692,0.003428782640204275,1.6904929718704744,0.0372759372031494,1
banks_superior_temporal_sulcus_left,supramarginal_gyrus_right,0.00362579724642274,0.004094126616454464,-12.916590151139424,1.0,0
banks_superior_temporal_sulcus_left,frontal_pole_right,0.0036185157108808625,0.005576611672121901,-54.11323641218557,1.0,0
banks_superior_temporal_sulcus_left,temporal_pole_right,0.0011528577957412853,0.0011698913925603197,-1.477510659333469,1e-05,18
banks_superior_temporal_sulcus_left,transverse_temporal_gyrus_right,0.00676384281298149,0.007327607378318884,-8.334974376627882,0.04714866363457394,1
banks_superior_temporal_sulcus_left,insula_right,0.005945754695641995,0.004999957506814695,15.907100733915772,0.01151395399326447,11
caudal_anterior_cingulate_cortex_left,caudal_middle_frontal_gyrus_left,0.0018956233330494861,0.0024934575178596724,-31.537604248015423,1.0,0
caudal_anterior_cingulate_cortex_left,cuneus_left,0.005985277058593752,0.006026603742131101,-0.6904723562965419,1.0,0
caudal_anterior_cingulate_cortex_left,entorhinal_cortex_left,0.002473985102145655,0.003290748604668646,-33.01408330287125,1.0,0
caudal_anterior_cingulate_cortex_left,fusiform_gyrus_left,0.002838110833605459,0.002994274294986043,-5.502373604705143,1.0,0
caudal_anterior_cingulate_cortex_left,inferior_parietal_gyrus_left,0.003910384472518781,0.00355177162810479,9.170782232136867,1.0,0
caudal_anterior_cingulate_cortex_left,inferior_temporal_gyrus_left,0.002763560010216029,0.0024495433368209667,11.362759347878802,1.0,0
caudal_anterior_cingulate_cortex_left,cingulate_gyrus_isthmus_left,0.0017010622219066746,0.003896250772265418,-129.04810430145324,1.0,0
caudal_anterior_cingulate_cortex_left,lateral_occipital_cortex_left,0.0029671888778051944,0.0032833183982185522,-10.654175835519993,0.04714866363457394,0
caudal_anterior_cingulate_cortex_left,lateral_orbitofrontal_cortex_left,0.011327729121595544,0.0028463560252335574,74.87266869926141,0.029470517025518096,2
caudal_anterior_cingulate_cortex_left,lingual_gyrus_left,0.002897462093510092,0.003184319268189614,-9.900290855298561,0.0071968567300115215,15
caudal_anterior_cingulate_cortex_left,medial_orbitofrontal_gyrus_left,0.0016352580367728637,0.001886055518937597,-15.336875069556314,1.0,0
caudal_anterior_cingulate_cortex_left,middle_temporal_gyrus_left,0.004860308432402374,0.005466967033137039,-12.481895113697606,1.0,0
caudal_anterior_cingulate_cortex_left,parahippocampal_gyrus_left,0.004274245260077104,0.003961834383937005,7.309147162380289,0.002811768697974231,15
caudal_anterior_cingulate_cortex_left,paracentral_gyrus_left,0.0031835912938510736,0.003466878521548772,-8.898354140019535,0.014563484775012436,8
caudal_anterior_cingulate_cortex_left,inferior_frontal_gyrus_pars_opercularis_left,0.005566384230943275,0.004258577583523684,23.494724639193137,0.01151395399326447,15
caudal_anterior_cingulate_cortex_left,inferior_frontal_gyrus_pars_orbitalis_left,0.003067100502807567,0.002937393324735114,4.228983626513746,0.018420699693267165,7
caudal_anterior_cingulate_cortex_left,inferior_frontal_gyrus_pars_triangularis_left,0.018965050925557458,0.0049608354068161374,73.84222469906014,1.0,0
caudal_anterior_cingulate_cortex_left,pericalcarine_cortex_left,0.002276735275305221,0.0023551518218571273,-3.444254033503898,1.0,0
caudal_anterior_cingulate_cortex_left,postcentral_gyrus_left,0.0020674148584140396,0.0022460684479376413,-8.641400094253505,1e-05,18
caudal_anterior_cingulate_cortex_left,posterior_cingulate_gyrus_left,0.006862804365195542,0.006198033294714188,9.68658051587068,0.029470517025518096,5
caudal_anterior_cingulate_cortex_left,precentral_gyrus_left,0.0031129713515052272,0.002809274031928578,9.755866189703333,0.0035564803062231283,16
caudal_anterior_cingulate_cortex_left,precuneus_left,0.004057412381263282,0.003843391553288427,5.274810836659873,0.04714866363457394,0
caudal_anterior_cingulate_cortex_left,rostral_anterior_cingulate_cortex_left,0.004123381143908778,0.005808331015079506,-40.86330640716547,0.023299518105153717,8
caudal_anterior_cingulate_cortex_left,rostral_middle_frontal_gyrus_left,0.0025175963333022525,0.00254283696412611,-1.0025686203137236,0.0372759372031494,0
caudal_anterior_cingulate_cortex_left,superior_frontal_gyrus_left,0.0034617017171272016,0.0036070073646038182,-4.197520738361103,1.0,0
caudal_anterior_cingulate_cortex_left,superior_parietal_gyrus_left,0.0033863046065188106,0.0027534444756060444,18.688812863865756,0.029470517025518096,2
caudal_anterior_cingulate_cortex_left,superior_temporal_gyrus_left,0.006312212339830514,0.006043539209383372,4.256401971014104,1.0,0
caudal_anterior_cingulate_cortex_left,supramarginal_gyrus_left,0.004112330749932089,0.004554583516677745,-10.754309262526116,1.0,0
caudal_anterior_cingulate_cortex_left,frontal_pole_left,0.0034363429414943475,0.00389818194726761,-13.439840366236103,0.014563484775012436,7
caudal_anterior_cingulate_cortex_left,temporal_pole_left,0.003383468319382378,0.003482805914289374,-2.9359694115631436,0.029470517025518096,4
caudal_anterior_cingulate_cortex_left,transverse_temporal_gyrus_left,0.004288095681621399,0.00403215734130202,5.968578113037906,0.04714866363457394,0
caudal_anterior_cingulate_cortex_left,insula_left,0.002469657217207681,0.0022352568589753194,9.491210221367751,1.0,0
caudal_anterior_cingulate_cortex_left,banks_superior_temporal_sulcus_right,0.00351910989289588,0.00368212933842696,-4.63240565064967,1.0,0
caudal_anterior_cingulate_cortex_left,caudal_anterior_cingulate_cortex_right,0.011602044544262181,0.01197141681966899,-3.1836826172976744,0.05963623316594643,2
caudal_anterior_cingulate_cortex_left,caudal_middle_frontal_gyrus_right,0.003418347646475594,0.004434507713195986,-29.726644911850304,0.014563484775012436,7
caudal_anterior_cingulate_cortex_left,cuneus_right,0.002635686871995279,0.0031659158018405055,-20.11729600655599,0.0071968567300115215,13
caudal_anterior_cingulate_cortex_left,entorhinal_cortex_right,0.004658761515611262,0.004515860444554425,3.067361799439244,0.029470517025518096,3
caudal_anterior_cingulate_cortex_left,fusiform_gyrus_right,0.002123376465176344,0.0022320116943515917,-5.116154905024151,1.0,0
caudal_anterior_cingulate_cortex_left,inferior_parietal_gyrus_right,0.0024859382691585735,0.0030610930307243575,-23.13632517353133,0.014563484775012436,8
caudal_anterior_cingulate_cortex_left,inferior_temporal_gyrus_right,0.0026792508619513946,0.0033954205681863267,-26.730222108179895,0.023299518105153717,4
caudal_anterior_cingulate_cortex_left,cingulate_gyrus_isthmus_right,0.004297198305658899,0.0037678649842990525,12.318103185109637,0.0372759372031494,2
caudal_anterior_cingulate_cortex_left,lateral_occipital_cortex_right,0.002138006200133609,0.002265466999374314,-5.9616664924891145,0.009102981779915217,11
caudal_anterior_cingulate_cortex_left,lateral_orbitofrontal_cortex_right,0.002912303655018836,0.0031385496774116593,-7.768627491948818,0.009102981779915217,11
caudal_anterior_cingulate_cortex_left,lingual_gyrus_right,0.0027218907523153353,0.0033089344322108348,-21.567496028124552,0.0071968567300115215,15
caudal_anterior_cingulate_cortex_left,medial_orbitofrontal_gyrus_right,0.005002502734433255,0.006821367069421179,-36.359087271823086,1.0,0
caudal_anterior_cingulate_cortex_left,middle_temporal_gyrus_right,0.0035863675750779046,0.004111461198038507,-14.641377716259216,1.0,0
caudal_anterior_cingulate_cortex_left,parahippocampal_gyrus_right,0.004692424827243307,0.005645285132409646,-20.306352051379008,1.0,0
caudal_anterior_cingulate_cortex_left,paracentral_gyrus_right,0.004165933295364208,0.0035391008995258196,15.04662584338349,0.018420699693267165,7
caudal_anterior_cingulate_cortex_left,inferior_frontal_gyrus_pars_opercularis_right,0.002712392668936027,0.002654132392876823,2.147929270213563,1.0,0
caudal_anterior_cingulate_cortex_left,inferior_frontal_gyrus_pars_orbitalis_right,0.0032721000643362655,0.0035793828701511975,-9.390996600749228,0.029470517025518096,7
caudal_anterior_cingulate_cortex_left,inferior_frontal_gyrus_pars_triangularis_right,0.004823374591454851,0.004083775037460396,15.333653647899098,1.0,0
caudal_anterior_cingulate_cortex_left,pericalcarine_cortex_right,0.0022288450719363637,0.0023075609576356953,-3.53168942473625,1.0,0
caudal_anterior_cingulate_cortex_left,postcentral_gyrus_right,0.0031928044306350554,0.0035788638760916036,-12.091546909428466,0.0372759372031494,0
caudal_anterior_cingulate_cortex_left,posterior_cingulate_gyrus_right,0.009017678908508532,0.009653401296153158,-7.04973412886544,0.05963623316594643,0
caudal_anterior_cingulate_cortex_left,precentral_gyrus_right,0.003478413638312959,0.0032487239000639294,6.603289951462752,1.0,0
caudal_anterior_cingulate_cortex_left,precuneus_right,0.00269969833115921,0.0034108016827037744,-26.34010412708695,1.0,0
caudal_anterior_cingulate_cortex_left,rostral_anterior_cingulate_cortex_right,0.00622860335675072,0.0058651568024026286,5.835121190598514,1.0,0
caudal_anterior_cingulate_cortex_left,rostral_middle_frontal_gyrus_right,0.002105623142523507,0.0022199003301195228,-5.427238392671687,1.0,0
caudal_anterior_cingulate_cortex_left,superior_frontal_gyrus_right,0.002456654721850667,0.0026856976228555682,-9.323365590112596,1.0,0
caudal_anterior_cingulate_cortex_left,superior_parietal_gyrus_right,0.003362329609954001,0.0035350298135025417,-5.136325809262439,0.004498432668969444,14
caudal_anterior_cingulate_cortex_left,superior_temporal_gyrus_right,0.0022172744073508366,0.0022353276176711487,-0.8142073105819008,1.0,0
caudal_anterior_cingulate_cortex_left,supramarginal_gyrus_right,0.0056853303433866366,0.0043026024210177,24.32097765396115,0.0372759372031494,1
caudal_anterior_cingulate_cortex_left,frontal_pole_right,0.0025900860545137704,0.003080384349687463,-18.929807151358713,1.0,0
caudal_anterior_cingulate_cortex_left,temporal_pole_right,0.002771266439349928,0.003247293982043715,-17.17725643173637,1.0,0
caudal_anterior_cingulate_cortex_left,transverse_temporal_gyrus_right,0.0037395601058710917,0.004393233367935506,-17.479950677571676,0.04714866363457394,0
caudal_anterior_cingulate_cortex_left,insula_right,0.004302289705639367,0.004488699692330672,-4.332808793581739,0.002811768697974231,14
caudal_middle_frontal_gyrus_left,cuneus_left,0.0022953704595961334,0.0021939738880020834,4.417438203499864,1.0,0
caudal_middle_frontal_gyrus_left,entorhinal_cortex_left,0.005929226208867481,0.005962124388554963,-0.5548477748796435,0.04714866363457394,2
caudal_middle_frontal_gyrus_left,fusiform_gyrus_left,0.002200531165833067,0.0023284993410374287,-5.815331188727622,1.0,0
caudal_middle_frontal_gyrus_left,inferior_parietal_gyrus_left,0.003998252191429608,0.003645863392562201,8.813571080452718,0.014563484775012436,8
caudal_middle_frontal_gyrus_left,inferior_temporal_gyrus_left,0.0051295423994325755,0.0043357272236159185,15.47536045134295,0.009102981779915217,13
caudal_middle_frontal_gyrus_left,cingulate_gyrus_isthmus_left,0.016074189994795488,0.004663887439016478,70.98524130592861,0.0372759372031494,1
caudal_middle_frontal_gyrus_left,lateral_occipital_cortex_left,0.0034595686343743036,0.003259204636858913,5.7915890300476205,0.029470517025518096,4
caudal_middle_frontal_gyrus_left,lateral_orbitofrontal_cortex_left,0.004214464307681172,0.002371957024854803,43.71865908244289,0.0372759372031494,0
caudal_middle_frontal_gyrus_left,lingual_gyrus_left,0.0022905908158993584,0.0028903898128416865,-26.185340165472898,1.0,0
caudal_middle_frontal_gyrus_left,medial_orbitofrontal_gyrus_left,0.0043983242574984135,0.005121066889736139,-16.4322271375415,0.04714866363457394,0
caudal_middle_frontal_gyrus_left,middle_temporal_gyrus_left,0.001955720639550556,0.0014195680258141518,27.414580737851058,0.014563484775012436,7
caudal_middle_frontal_gyrus_left,parahippocampal_gyrus_left,0.002602066049817659,0.00316271640656004,-21.546353782282676,0.004498432668969444,15
caudal_middle_frontal_gyrus_left,paracentral_gyrus_left,0.002300931339480569,0.0022743710117599917,1.1543294345572825,1.0,0
caudal_middle_frontal_gyrus_left,inferior_frontal_gyrus_pars_opercularis_left,0.0051057573427877034,0.0046728387096003285,8.479028753665853,1.0,0
caudal_middle_frontal_gyrus_left,inferior_frontal_gyrus_pars_orbitalis_left,0.003825321423863551,0.004145000031329971,-8.356908401792456,1.0,0
caudal_middle_frontal_gyrus_left,inferior_frontal_gyrus_pars_triangularis_left,0.002414927602306731,0.0024202155191907194,-0.21896792595096948,1.0,0
caudal_middle_frontal_gyrus_left,pericalcarine_cortex_left,0.00316075261136104,0.004707200642158574,-48.92657607048921,0.0372759372031494,0
caudal_middle_frontal_gyrus_left,postcentral_gyrus_left,0.004613415450431086,0.004608175000062049,0.11359155543962042,1.0,0
caudal_middle_frontal_gyrus_left,posterior_cingulate_gyrus_left,0.0027261689766474246,0.0038017674998415078,-39.4545801235266,0.023299518105153717,5
caudal_middle_frontal_gyrus_left,precentral_gyrus_left,0.0037868937056403425,0.003626661231775177,4.2312376929542355,1.0,0
caudal_middle_frontal_gyrus_left,precuneus_left,0.0026551603236717814,0.002857253255154227,-7.611326882249212,1.0,0
caudal_middle_frontal_gyrus_left,rostral_anterior_cingulate_cortex_left,0.002887437437722255,0.002619956264228879,9.263617974849613,1.0,0
caudal_middle_frontal_gyrus_left,rostral_middle_frontal_gyrus_left,0.003256945499592708,0.003475423718676533,-6.708071077982303,1.0,0
caudal_middle_frontal_gyrus_left,superior_frontal_gyrus_left,0.007337981534349992,0.006023284556127221,17.91632987993378,0.05963623316594643,1
caudal_middle_frontal_gyrus_left,superior_parietal_gyrus_left,0.005415548549180905,0.005363147691989247,0.9676001741242573,1.0,0
caudal_middle_frontal_gyrus_left,superior_temporal_gyrus_left,0.003957222138554305,0.003850881768051265,2.6872479426158637,1.0,0
caudal_middle_frontal_gyrus_left,supramarginal_gyrus_left,0.003784667335569727,0.0041169725060786035,-8.780300645865156,1.0,0
caudal_middle_frontal_gyrus_left,frontal_pole_left,0.0032566642170989064,0.003257410792080732,-0.02292453050288643,1.0,0
caudal_middle_frontal_gyrus_left,temporal_pole_left,0.001430040710342328,0.0016299389557273723,-13.978500327951643,1.0,0
caudal_middle_frontal_gyrus_left,transverse_temporal_gyrus_left,0.0032623925176630906,0.0076892698353397985,-135.69419662744195,1.0,0
caudal_middle_frontal_gyrus_left,insula_left,0.003580282571352443,0.0034360097253986798,4.0296497016229775,1.0,0
caudal_middle_frontal_gyrus_left,banks_superior_temporal_sulcus_right,0.006903407814605879,0.007204753450883516,-4.365172163812564,1.0,0
caudal_middle_frontal_gyrus_left,caudal_anterior_cingulate_cortex_right,0.0033515095281743206,0.00352500869652501,-5.17674698198457,0.009102981779915217,15
caudal_middle_frontal_gyrus_left,caudal_middle_frontal_gyrus_right,0.0035918660795851657,0.003747626902272013,-4.336487475747891,1.0,0
caudal_middle_frontal_gyrus_left,cuneus_right,0.002868684119640162,0.002902317822943418,-1.17244359784983,0.018420699693267165,7
caudal_middle_frontal_gyrus_left,entorhinal_cortex_right,0.00335979158323678,0.003590285720071149,-6.860370089156357,1.0,0
caudal_middle_frontal_gyrus_left,fusiform_gyrus_right,0.0028553918454962786,0.0026468568800953086,7.303199584669462,1.0,0
caudal_middle_frontal_gyrus_left,inferior_parietal_gyrus_right,0.002261989380341113,0.00214288024042774,5.265680774125081,1.0,0
caudal_middle_frontal_gyrus_left,inferior_temporal_gyrus_right,0.002996794933883404,0.002972666498195163,0.8051413667125298,0.023299518105153717,2
caudal_middle_frontal_gyrus_left,cingulate_gyrus_isthmus_right,0.004385953144041931,0.004040887865014367,7.867509471602887,1.0,0
caudal_middle_frontal_gyrus_left,lateral_occipital_cortex_right,0.0038570548039259392,0.0035944726975226104,6.807839653614907,1.0,0
caudal_middle_frontal_gyrus_left,lateral_orbitofrontal_cortex_right,0.0029721850455817736,0.002773483882975183,6.685356381224131,1.0,0
caudal_middle_frontal_gyrus_left,lingual_gyrus_right,0.0033525815740942603,0.003769100448695418,-12.423825204422814,1.0,0
caudal_middle_frontal_gyrus_left,medial_orbitofrontal_gyrus_right,0.002373341693869316,0.002530351910707171,-6.615575719393249,1.0,0
caudal_middle_frontal_gyrus_left,middle_temporal_gyrus_right,0.0010872666552403302,0.0011774223222611765,-8.291955481787328,1.0,0
caudal_middle_frontal_gyrus_left,parahippocampal_gyrus_right,0.004341227190262649,0.005420954819678682,-24.87148407800119,0.04714866363457394,0
caudal_middle_frontal_gyrus_left,paracentral_gyrus_right,0.003445562752727858,0.004171918387783505,-21.080899904684365,0.0372759372031494,1
caudal_middle_frontal_gyrus_left,inferior_frontal_gyrus_pars_opercularis_right,0.0004463906546873933,0.00047505415118741234,-6.421168588328101,1.0,0
caudal_middle_frontal_gyrus_left,inferior_frontal_gyrus_pars_orbitalis_right,0.0031279025436455796,0.0028911645261581013,7.56858675051811,0.023299518105153717,6
caudal_middle_frontal_gyrus_left,inferior_frontal_gyrus_pars_triangularis_right,0.004294070444043789,0.004408162918392488,-2.656977239554932,1.0,0
caudal_middle_frontal_gyrus_left,pericalcarine_cortex_right,0.003423613455068377,0.003932777977287005,-14.87213813419421,1.0,0
caudal_middle_frontal_gyrus_left,postcentral_gyrus_right,0.003118119962227784,0.002848896641081451,8.634155337435528,1.0,0
caudal_middle_frontal_gyrus_left,posterior_cingulate_gyrus_right,0.006327081094393977,0.0037839892448256517,40.1937609401213,1.0,0
caudal_middle_frontal_gyrus_left,precentral_gyrus_right,0.0027724216914830953,0.0025288543527123702,8.78536405623164,0.023299518105153717,3
caudal_middle_frontal_gyrus_left,precuneus_right,0.0025427671191870465,0.002350356712850514,7.566969262920489,0.014563484775012436,8
caudal_middle_frontal_gyrus_left,rostral_anterior_cingulate_cortex_right,0.002604071388870284,0.0026851527056034018,-3.113636480153989,1.0,0
caudal_middle_frontal_gyrus_left,rostral_middle_frontal_gyrus_right,0.0034067145186537427,0.005718057714280826,-67.8466946076971,0.0372759372031494,3
caudal_middle_frontal_gyrus_left,superior_frontal_gyrus_right,0.0034003524417231226,0.0033296167473621744,2.080245961948081,0.0013894954943731374,18
caudal_middle_frontal_gyrus_left,superior_parietal_gyrus_right,0.0053455343506821065,0.005455456921820446,-2.0563439298507813,0.04714866363457394,0
caudal_middle_frontal_gyrus_left,superior_temporal_gyrus_right,0.003136235637015906,0.0030580353678972584,2.4934436748207562,1.0,0
caudal_middle_frontal_gyrus_left,supramarginal_gyrus_right,0.008167482452763993,0.007317624397547229,10.405385749303452,0.04714866363457394,2
caudal_middle_frontal_gyrus_left,frontal_pole_right,0.002837578649448691,0.002576015207740409,9.21783936311688,1.0,0
caudal_middle_frontal_gyrus_left,temporal_pole_right,0.0029653930158987448,0.002966794910968348,-0.0472751861924263,1.0,0
caudal_middle_frontal_gyrus_left,transverse_temporal_gyrus_right,0.004090938709137258,0.005964178642301104,-45.789977957379264,0.0372759372031494,1
caudal_middle_frontal_gyrus_left,insula_right,0.003697238265345474,0.0032455161254738947,12.217826048854064,1.0,0
cuneus_left,entorhinal_cortex_left,0.0018632064673821552,0.0018207600877306628,2.2781361268636218,1.0,0
cuneus_left,fusiform_gyrus_left,0.0033621757189868638,0.003995668434551202,-18.841749168161595,1.0,0
cuneus_left,inferior_parietal_gyrus_left,0.001884861508384253,0.001982670348783325,-5.189179149979882,1.0,0
cuneus_left,inferior_temporal_gyrus_left,0.0018564984071411956,0.002196212973032234,-18.2986726293055,0.005689866029018293,13
cuneus_left,cingulate_gyrus_isthmus_left,0.002438961867973108,0.0023395257658295867,4.076984697844301,1.0,0
cuneus_left,lateral_occipital_cortex_left,0.005589686707888568,0.0050616975990500895,9.445772838991894,1.0,0
cuneus_left,lateral_orbitofrontal_cortex_left,0.0033149695343653958,0.002843406360136095,14.225264194458873,0.005689866029018293,12
cuneus_left,lingual_gyrus_left,0.004020703405903563,0.004398877351177539,-9.405666300048562,1.0,0
cuneus_left,medial_orbitofrontal_gyrus_left,0.0029776063250688107,0.0029776063250688107,0.0,1.0,0
cuneus_left,middle_temporal_gyrus_left,0.002693479064715025,0.002589170618766332,3.8726287987587877,0.029470517025518096,3
cuneus_left,parahippocampal_gyrus_left,0.0025463970237445004,0.002735826925323818,-7.439134581643475,1.0,0
cuneus_left,paracentral_gyrus_left,0.0024344448162560844,0.00160845130462542,33.929440754420305,0.018420699693267165,5
cuneus_left,inferior_frontal_gyrus_pars_opercularis_left,0.002511978694873667,0.0028104842906798906,-11.883285332610514,0.029470517025518096,4
cuneus_left,inferior_frontal_gyrus_pars_orbitalis_left,0.0026385794026090267,0.0028141348229745048,-6.653406760921765,0.0372759372031494,0
cuneus_left,inferior_frontal_gyrus_pars_triangularis_left,0.0023860712533254067,0.0010389191754899805,56.459004564844186,0.0035564803062231283,17
cuneus_left,pericalcarine_cortex_left,0.005136428540975384,0.0051591178094478165,-0.4417323883985016,1e-05,18
cuneus_left,postcentral_gyrus_left,0.0050567259336665475,0.005404176238396686,-6.8710527184574595,1.0,0
cuneus_left,posterior_cingulate_gyrus_left,0.002528686361951955,0.002528686361951955,0.0,1.0,0
cuneus_left,precentral_gyrus_left,0.0024105430963946095,0.0019915461405203266,17.381848783411773,0.014563484775012436,7
cuneus_left,precuneus_left,0.004134395540982938,0.003962712185443754,4.152562420245999,0.0372759372031494,1
cuneus_left,rostral_anterior_cingulate_cortex_left,0.00481392963036039,0.005739384223567633,-19.22451436287322,1.0,0
cuneus_left,rostral_middle_frontal_gyrus_left,0.0039637917879716015,0.0035059116357481017,11.551569222504789,0.04714866363457394,0
cuneus_left,superior_frontal_gyrus_left,0.002651842186326078,0.003024816077412449,-14.06470916744474,0.023299518105153717,6
cuneus_left,superior_parietal_gyrus_left,0.0028062527091570638,0.0030087852007184258,-7.217186495730752,1.0,0
cuneus_left,superior_temporal_gyrus_left,0.00410560126725567,0.0037793646874568314,7.9461340388982045,1.0,0
cuneus_left,supramarginal_gyrus_left,0.003211642701110345,0.0026280219931442894,18.172031022139645,1.0,0
cuneus_left,frontal_pole_left,0.0032771317399349063,0.002271617616745882,30.682749519523345,0.0006866488450042998,17
cuneus_left,temporal_pole_left,0.0048607813586537315,0.005139976302081176,-5.743828467626694,1.0,0
cuneus_left,transverse_temporal_gyrus_left,0.00619221883591685,0.006811932501393228,-10.007941933218518,1.0,0
cuneus_left,insula_left,0.0035877408377408835,0.004499685710198231,-25.418359733909256,0.04714866363457394,0
cuneus_left,banks_superior_temporal_sulcus_right,0.003788506434890406,0.003684560805436074,2.743709988111416,1.0,0
cuneus_left,caudal_anterior_cingulate_cortex_right,0.002505279446795968,0.0028508561079937434,-13.793936705932655,1.0,0
cuneus_left,caudal_middle_frontal_gyrus_right,0.003966003550814248,0.004828701486308584,-21.752323830300625,0.04714866363457394,0
cuneus_left,cuneus_right,0.008312165495414891,0.007993165880379538,3.8377437890441137,1.0,0
cuneus_left,entorhinal_cortex_right,0.0022662433751428424,0.0026016510838674793,-14.800162789378085,1.0,0
cuneus_left,fusiform_gyrus_right,0.0031598892295234544,0.003578223830825736,-13.238900825816954,0.004498432668969444,15
cuneus_left,inferior_parietal_gyrus_right,0.0021001112193441713,0.0021692987245710083,-3.2944686257351203,1.0,0
cuneus_left,inferior_temporal_gyrus_right,0.0013122793556243318,0.0010195738692940382,22.305120100821494,0.005689866029018293,10
cuneus_left,cingulate_gyrus_isthmus_right,0.0027802626444648954,0.0028366619443918515,-2.0285601448208133,0.0372759372031494,0
cuneus_left,lateral_occipital_cortex_right,0.0024053091049073255,0.0022630031911363233,5.916325410346171,0.0022229964825261957,16
cuneus_left,lateral_orbitofrontal_cortex_right,0.0009537043682203393,0.0009417383527001657,1.2546881317638026,1.0,0
cuneus_left,lingual_gyrus_right,0.0033923841410434595,0.003125970183877789,7.853295679059642,1.0,0
cuneus_left,medial_orbitofrontal_gyrus_right,0.0020876753173475443,0.0019992479411722937,4.235686241077,0.01151395399326447,9
cuneus_left,middle_temporal_gyrus_right,0.002508443395166578,0.0033719147823013332,-34.42259804620447,1.0,0
cuneus_left,parahippocampal_gyrus_right,0.005313650424651008,0.005861247658043925,-10.30548097128316,1.0,0
cuneus_left,paracentral_gyrus_right,0.003485182118019529,0.003682347496473412,-5.657247506076481,1.0,0
cuneus_left,inferior_frontal_gyrus_pars_opercularis_right,0.0027121493949499075,0.002808704987350817,-3.5601133396522515,1.0,0
cuneus_left,inferior_frontal_gyrus_pars_orbitalis_right,0.004256364955338249,0.004448189805687441,-4.506776377542751,1.0,0
cuneus_left,inferior_frontal_gyrus_pars_triangularis_right,0.004293462646780653,0.004427521899007777,-3.122404065344446,0.04714866363457394,0
cuneus_left,pericalcarine_cortex_right,0.0036690161331931815,0.00493277585829111,-34.4441037929715,1.0,0
cuneus_left,postcentral_gyrus_right,0.002396989130983835,0.0024829311596076212,-3.58541586663398,1.0,0
cuneus_left,posterior_cingulate_gyrus_right,0.0029214841463598763,0.004023219760584358,-37.71150412016534,0.01151395399326447,9
cuneus_left,precentral_gyrus_right,0.0031892965747284748,0.003348847112475278,-5.002687395429409,0.029470517025518096,2
cuneus_left,precuneus_right,0.0018681318041635017,0.0019668449021042473,-5.284054247175918,1.0,0
cuneus_left,rostral_anterior_cingulate_cortex_right,0.004873061739367003,0.00509883266772815,-4.633040590010538,0.04714866363457394,0
cuneus_left,rostral_middle_frontal_gyrus_right,0.0012197201661340337,0.0012202380887400188,-0.04246241231107055,1.0,0
cuneus_left,superior_frontal_gyrus_right,0.0030198698586671392,0.0035523829982547625,-17.633645306246912,0.023299518105153717,7
cuneus_left,superior_parietal_gyrus_right,0.002767509272726025,0.003337102822011717,-20.58145043628478,0.0372759372031494,0
cuneus_left,superior_temporal_gyrus_right,0.0023400007368417435,0.002757301885487391,-17.833376805208676,0.029470517025518096,1
cuneus_left,supramarginal_gyrus_right,0.0028852215061799056,0.0028814186979655614,0.13180299003729545,1.0,0
cuneus_left,frontal_pole_right,0.004201653453047909,0.0036961829976201624,12.030274773400803,0.029470517025518096,4
cuneus_left,temporal_pole_right,0.002356267608305642,0.002396956987168157,-1.7268572856108773,1.0,0
cuneus_left,transverse_temporal_gyrus_right,0.004343510706930215,0.0048559594210620055,-11.79803041153235,1.0,0
cuneus_left,insula_right,0.005795048274079429,0.0069840861124131,-20.518169687250023,1.0,0
entorhinal_cortex_left,fusiform_gyrus_left,0.004740384345467883,0.0046132526724224476,2.6818853447396407,0.04714866363457394,0
entorhinal_cortex_left,inferior_parietal_gyrus_left,0.002068309528509974,0.002255519560279651,-9.051354702433944,1.0,0
entorhinal_cortex_left,inferior_temporal_gyrus_left,0.0027799189121261434,0.0025404375960159944,8.614687107077827,1.0,0
entorhinal_cortex_left,cingulate_gyrus_isthmus_left,0.002542299797129291,0.0029958528011386223,-17.84026433552303,1.0,0
entorhinal_cortex_left,lateral_occipital_cortex_left,0.0027578242880747206,0.002624596552900021,4.830900059543232,0.014563484775012436,6
entorhinal_cortex_left,lateral_orbitofrontal_cortex_left,0.004716750839384439,0.005108420626290047,-8.303804891180626,0.018420699693267165,8
entorhinal_cortex_left,lingual_gyrus_left,0.005636093951433832,0.006043629351923826,-7.230812757944115,0.023299518105153717,9
entorhinal_cortex_left,medial_orbitofrontal_gyrus_left,0.0048963518757960825,0.005084104007792401,-3.8345310296105426,0.04714866363457394,1
entorhinal_cortex_left,middle_temporal_gyrus_left,0.0036910909465354457,0.0031891221801483454,13.599468928238172,0.0372759372031494,2
entorhinal_cortex_left,parahippocampal_gyrus_left,0.004298457865177896,0.003978547800434498,7.442438073780165,0.018420699693267165,10
entorhinal_cortex_left,paracentral_gyrus_left,0.0023741691135338596,0.0027137392716730076,-14.302694622865802,0.005689866029018293,14
entorhinal_cortex_left,inferior_frontal_gyrus_pars_opercularis_left,0.0024721001912354425,0.002738775375537325,-10.787393862406942,0.0372759372031494,0
entorhinal_cortex_left,inferior_frontal_gyrus_pars_orbitalis_left,0.00333265134838797,0.003297062035689836,1.067897868024768,0.0372759372031494,1
entorhinal_cortex_left,inferior_frontal_gyrus_pars_triangularis_left,0.0046229632219157634,0.003520870951216709,23.839520623362127,0.005689866029018293,12
entorhinal_cortex_left,pericalcarine_cortex_left,0.0013405148301924227,0.0005369886821497297,59.94160824967164,0.0017575106248547913,15
entorhinal_cortex_left,postcentral_gyrus_left,0.00230087791712456,0.0024758353250883313,-7.6039413765341335,1.0,0
entorhinal_cortex_left,posterior_cingulate_gyrus_left,0.0018867801229049228,0.0018078695413153273,4.182288154917766,0.009102981779915217,13
entorhinal_cortex_left,precentral_gyrus_left,0.0027071767092968347,0.003409288695553183,-25.935210798955037,1.0,0
entorhinal_cortex_left,precuneus_left,0.002489362876477551,0.0031224508972203142,-25.431729006844638,1.0,0
entorhinal_cortex_left,rostral_anterior_cingulate_cortex_left,0.005995881517349362,0.0063393740884131414,-5.728808517477669,1.0,0
entorhinal_cortex_left,rostral_middle_frontal_gyrus_left,0.005848356550507085,0.005672539296262105,3.0062677048945616,0.0372759372031494,4
entorhinal_cortex_left,superior_frontal_gyrus_left,0.0024760542699231195,0.0023842756527478136,3.7066480444370713,0.018420699693267165,6
entorhinal_cortex_left,superior_parietal_gyrus_left,0.0024891363743372702,0.0023705918118624675,4.762477608578805,0.01151395399326447,11
entorhinal_cortex_left,superior_temporal_gyrus_left,0.004845468086744512,0.004203267385470223,13.253635970302302,0.04714866363457394,0
entorhinal_cortex_left,supramarginal_gyrus_left,0.003221933405319684,0.003151614392518199,2.1825098149260995,0.0372759372031494,1
entorhinal_cortex_left,frontal_pole_left,0.002485646032168404,0.002973543443516048,-19.62859574667664,0.029470517025518096,1
entorhinal_cortex_left,temporal_pole_left,0.006813885716953352,0.017844025057098218,-161.87737508865496,1.0,0
entorhinal_cortex_left,transverse_temporal_gyrus_left,0.005481973756416351,0.004741440120856941,13.508522084635219,1e-05,36
entorhinal_cortex_left,insula_left,0.0023534717020677535,0.002305145989414251,2.0533798052912164,1.0,0
entorhinal_cortex_left,banks_superior_temporal_sulcus_right,0.002654212141142837,0.0028534469179637943,-7.506362198131302,1.0,0
entorhinal_cortex_left,caudal_anterior_cingulate_cortex_right,0.0025045122783094597,0.002547605334540177,-1.7206166886833942,1.0,0
entorhinal_cortex_left,caudal_middle_frontal_gyrus_right,0.004436280705182208,0.005029721384592889,-13.376986688814752,1.0,0
entorhinal_cortex_left,cuneus_right,0.004635602372363451,0.004664327900854731,-0.6196719689017436,1.0,0
entorhinal_cortex_left,entorhinal_cortex_right,0.003209383527337014,0.0045774523894685165,-42.62715410852307,1.0,0
entorhinal_cortex_left,fusiform_gyrus_right,0.0032210429901320696,0.0038140719171070605,-18.411083887789882,1.0,0
entorhinal_cortex_left,inferior_parietal_gyrus_right,0.0032448315464082824,0.0032270508535239286,0.5479696751603447,0.014563484775012436,10
entorhinal_cortex_left,inferior_temporal_gyrus_right,0.006339137090790797,0.008650827666422918,-36.46695981682488,1.0,0
entorhinal_cortex_left,cingulate_gyrus_isthmus_right,0.0032126806486845144,0.003017791881317251,6.066235293167523,1.0,0
entorhinal_cortex_left,lateral_occipital_cortex_right,0.002826828950087131,0.00285706441412625,-1.0695894436126827,1.0,0
entorhinal_cortex_left,lateral_orbitofrontal_cortex_right,0.004370226115968514,0.004700967381770749,-7.5680584259411345,0.029470517025518096,4
entorhinal_cortex_left,lingual_gyrus_right,0.0017268408358148267,0.0014830645651974863,14.116892857836094,0.029470517025518096,0
entorhinal_cortex_left,medial_orbitofrontal_gyrus_right,0.002297669513502924,0.002450188748783118,-6.63799708286463,1.0,0
entorhinal_cortex_left,middle_temporal_gyrus_right,0.0023705288216457703,0.0018385082283989833,22.44311853071775,0.002811768697974231,15
entorhinal_cortex_left,parahippocampal_gyrus_right,0.005512682723397549,0.0062276991189691286,-12.970389036481755,1.0,0
entorhinal_cortex_left,paracentral_gyrus_right,0.0021561853904126685,0.0018541800150410983,14.006466081924888,1.0,0
entorhinal_cortex_left,inferior_frontal_gyrus_pars_opercularis_right,0.003824888855444921,0.004032434940273858,-5.42619910467423,0.029470517025518096,2
entorhinal_cortex_left,inferior_frontal_gyrus_pars_orbitalis_right,0.002416774069981713,0.004472920391110467,-85.0781356299603,1.0,0
entorhinal_cortex_left,inferior_frontal_gyrus_pars_triangularis_right,0.0031341279981362082,0.0034563119503065584,-10.279859417418349,1.0,0
entorhinal_cortex_left,pericalcarine_cortex_right,0.003312463802186938,0.00367457713223675,-10.931842630574238,1.0,0
entorhinal_cortex_left,postcentral_gyrus_right,0.001251817496143956,0.001671519169562505,-33.52738515888937,1.0,0
entorhinal_cortex_left,posterior_cingulate_gyrus_right,0.002907680385490664,0.0027458840909638845,5.5644456431368265,1.0,0
entorhinal_cortex_left,precentral_gyrus_right,0.0026300601330654073,0.0024111760936510523,8.32239676433708,1.0,0
entorhinal_cortex_left,precuneus_right,0.002327805879234462,0.0019022986682247873,18.279325385569095,0.0372759372031494,0
entorhinal_cortex_left,rostral_anterior_cingulate_cortex_right,0.003547266929969683,0.0037957820247427414,-7.005818836846942,0.04714866363457394,0
entorhinal_cortex_left,rostral_middle_frontal_gyrus_right,0.00321176218822582,0.003309542413499554,-3.0444416349439627,1.0,0
entorhinal_cortex_left,superior_frontal_gyrus_right,0.003054450348788592,0.0029814855895007306,2.3888016158717216,1.0,0
entorhinal_cortex_left,superior_parietal_gyrus_right,0.0016891770697495037,0.0016275340123126571,3.6492951828897358,0.018420699693267165,5
entorhinal_cortex_left,superior_temporal_gyrus_right,0.004848841855447231,0.005226866760012876,-7.796189602285511,1.0,0
entorhinal_cortex_left,supramarginal_gyrus_right,0.0036979960603794057,0.004058365507336212,-9.744992722351165,1.0,0
entorhinal_cortex_left,frontal_pole_right,0.004815326717306782,0.006075941139861465,-26.179208526472458,1.0,0
entorhinal_cortex_left,temporal_pole_right,0.006548501368114018,0.0070217394949959235,-7.226663022263347,0.05963623316594643,0
entorhinal_cortex_left,transverse_temporal_gyrus_right,0.001589184753271658,0.0016291166944992456,-2.512731206700772,1.0,0
entorhinal_cortex_left,insula_right,0.00576508708377959,0.004555578917970287,20.979876769118118,0.04714866363457394,0
fusiform_gyrus_left,inferior_parietal_gyrus_left,0.002821041189213417,0.0037447546528870516,-32.74370708253257,0.009102981779915217,11
fusiform_gyrus_left,inferior_temporal_gyrus_left,0.006221247157385004,0.005558192339079989,10.657908318558418,0.05963623316594643,0
fusiform_gyrus_left,cingulate_gyrus_isthmus_left,0.00284240094216169,0.0026268956202230758,7.581805886073168,0.029470517025518096,2
fusiform_gyrus_left,lateral_occipital_cortex_left,0.008873048154255605,0.00906330842697423,-2.1442492975469096,1.0,0
fusiform_gyrus_left,lateral_orbitofrontal_cortex_left,0.002521824280080074,0.0026872644493482092,-6.560336918593003,0.0372759372031494,0
fusiform_gyrus_left,lingual_gyrus_left,0.0027739686729461796,0.0025156480553931732,9.312311998053278,0.018420699693267165,8
fusiform_gyrus_left,medial_orbitofrontal_gyrus_left,0.0037912460311696934,0.0034992474408287915,7.701916149472714,1.0,0
fusiform_gyrus_left,middle_temporal_gyrus_left,0.0035737205601754584,0.003758666204243543,-5.175156841557986,0.029470517025518096,3
fusiform_gyrus_left,parahippocampal_gyrus_left,0.006839071536482835,0.0051337535524931255,24.934934148484025,0.0006866488450042998,18
fusiform_gyrus_left,paracentral_gyrus_left,0.0048935127719758375,0.0037139974694529805,24.10365227363263,0.01151395399326447,14
fusiform_gyrus_left,inferior_frontal_gyrus_pars_opercularis_left,0.0024760894289864712,0.002924211508038791,-18.09797634149862,0.004498432668969444,11
fusiform_gyrus_left,inferior_frontal_gyrus_pars_orbitalis_left,0.0036523969288248886,0.00327574509449459,10.3124562217689,0.000868511373751352,18
fusiform_gyrus_left,inferior_frontal_gyrus_pars_triangularis_left,0.002612882739447775,0.0025117599181872555,3.8701630093775883,1.0,0
fusiform_gyrus_left,pericalcarine_cortex_left,0.0034681946018872006,0.0036219901415992036,-4.434455310792417,0.029470517025518096,1
fusiform_gyrus_left,postcentral_gyrus_left,0.002534768011913721,0.0024452508462895813,3.531572325490856,0.029470517025518096,4
fusiform_gyrus_left,posterior_cingulate_gyrus_left,0.004054543226624929,0.004919064467254598,-21.322284467276756,1.0,0
fusiform_gyrus_left,precentral_gyrus_left,0.002636889459831253,0.0033213055997730347,-25.95543538581177,1.0,0
fusiform_gyrus_left,precuneus_left,0.0016001292839220949,0.0015704766035292605,1.8531427860724043,0.018420699693267165,5
fusiform_gyrus_left,rostral_anterior_cingulate_cortex_left,0.002454073185908971,0.0029275496809149496,-19.29349530913057,1.0,0
fusiform_gyrus_left,rostral_middle_frontal_gyrus_left,0.0017053483184682231,0.0018499438516406108,-8.478944248894924,1.0,0
fusiform_gyrus_left,superior_frontal_gyrus_left,0.001728146363817753,0.0015057563513626716,12.868702391838271,0.0017575106248547913,17
fusiform_gyrus_left,superior_parietal_gyrus_left,0.0013230723572369746,0.003433293450669342,-159.49400513810352,1.0,0
fusiform_gyrus_left,superior_temporal_gyrus_left,0.003969234306338981,0.0044786087542154265,-12.833065739227322,1.0,0
fusiform_gyrus_left,supramarginal_gyrus_left,0.015475292363097155,0.00762831655364544,50.70647859399314,0.04714866363457394,4
fusiform_gyrus_left,frontal_pole_left,0.0023069018689363162,0.002248119832585662,2.548094357293046,0.029470517025518096,1
fusiform_gyrus_left,temporal_pole_left,0.006705214195968274,0.0048554851963057985,27.58642670616972,0.023299518105153717,6
fusiform_gyrus_left,transverse_temporal_gyrus_left,0.0031952762836512986,0.004515399497535415,-41.314837800992535,1.0,0
fusiform_gyrus_left,insula_left,0.004618961513739004,0.0042843518618518785,7.24426152700853,0.0372759372031494,4
fusiform_gyrus_left,banks_superior_temporal_sulcus_right,0.004238352212175475,0.0048482527329754,-14.390038634539842,1.0,0
fusiform_gyrus_left,caudal_anterior_cingulate_cortex_right,0.0029277533552644814,0.0015025821258420665,48.67798125343351,0.009102981779915217,11
fusiform_gyrus_left,caudal_middle_frontal_gyrus_right,0.0037203078170539596,0.0038387204267031597,-3.182871296466236,0.0372759372031494,2
fusiform_gyrus_left,cuneus_right,0.0032551411759533947,0.0030246545620675343,7.0806948585986715,0.014563484775012436,10
fusiform_gyrus_left,entorhinal_cortex_right,0.0051293632057584524,0.006843021791155733,-33.408797869362246,1.0,0
fusiform_gyrus_left,fusiform_gyrus_right,0.0045367928453384325,0.004294607637548297,5.338246996200886,1.0,0
fusiform_gyrus_left,inferior_parietal_gyrus_right,0.0033462991853334145,0.0037568546110038127,-12.268939593621296,1.0,0
fusiform_gyrus_left,inferior_temporal_gyrus_right,0.004413362491395395,0.003986396595080629,9.674389927118131,1.0,0
fusiform_gyrus_left,cingulate_gyrus_isthmus_right,0.004004535385650372,0.004278215629647068,-6.834257102019542,1.0,0
fusiform_gyrus_left,lateral_occipital_cortex_right,0.003876578570987264,0.002981380752965564,23.092471921540756,0.0071968567300115215,15
fusiform_gyrus_left,lateral_orbitofrontal_cortex_right,0.0032447135545304664,0.0032671560491074887,-0.691663353323953,1.0,0
fusiform_gyrus_left,lingual_gyrus_right,0.0036795420351554923,0.0033005700858222257,10.299432530256492,0.023299518105153717,5
fusiform_gyrus_left,medial_orbitofrontal_gyrus_right,0.0027530493278592923,0.0026606415143585072,3.3565622150562495,0.023299518105153717,6
fusiform_gyrus_left,middle_temporal_gyrus_right,0.0020988439731299702,0.002131244566348707,-1.5437352005932297,1.0,0
fusiform_gyrus_left,parahippocampal_gyrus_right,0.0040057303139606325,0.004944209827198781,-23.428424773564803,0.04714866363457394,0
fusiform_gyrus_left,paracentral_gyrus_right,0.0024639749835965808,0.0023287473335095767,5.488190869925834,1.0,0
fusiform_gyrus_left,inferior_frontal_gyrus_pars_opercularis_right,0.002212613896978669,0.0024084872303342195,-8.852576295530653,1.0,0
fusiform_gyrus_left,inferior_frontal_gyrus_pars_orbitalis_right,0.006706523450796727,0.007158736934146646,-6.742889764982431,1.0,0
fusiform_gyrus_left,inferior_frontal_gyrus_pars_triangularis_right,0.0027903341194989504,0.0033706358070955482,-20.796853091586048,1.0,0
fusiform_gyrus_left,pericalcarine_cortex_right,0.001747454127506147,0.0018617834559693696,-6.5426225881182924,1.0,0
fusiform_gyrus_left,postcentral_gyrus_right,0.0017496775163799562,0.0030734905782110462,-75.66040309931111,0.023299518105153717,2
fusiform_gyrus_left,posterior_cingulate_gyrus_right,0.0031377418714436858,0.0037251890180184976,-18.72197174411053,0.023299518105153717,7
fusiform_gyrus_left,precentral_gyrus_right,0.0027085715753243584,0.0033344096787359784,-23.105835899377123,1.0,0
fusiform_gyrus_left,precuneus_right,0.002958513544244446,0.002999793960661041,-1.3953093605707123,0.029470517025518096,2
fusiform_gyrus_left,rostral_anterior_cingulate_cortex_right,0.0021351921849437697,0.0021313646213737118,0.17926084579401416,1.0,0
fusiform_gyrus_left,rostral_middle_frontal_gyrus_right,0.003324091690585399,0.005946959283373013,-78.90479074979146,0.029470517025518096,2
fusiform_gyrus_left,superior_frontal_gyrus_right,0.0024289527635691934,0.002679817212183178,-10.328090870130998,1.0,0
fusiform_gyrus_left,superior_parietal_gyrus_right,0.0014732042496075932,0.0013418749239149197,8.914536170232656,1e-05,18
fusiform_gyrus_left,superior_temporal_gyrus_right,0.0018785506083698494,0.0019376877324155143,-3.1480186789847715,1e-05,18
fusiform_gyrus_left,supramarginal_gyrus_right,0.003615484672195706,0.0038619575124364245,-6.817145212540312,1.0,0
fusiform_gyrus_left,frontal_pole_right,0.002959849850708651,0.003935503023807141,-32.96292792909403,0.029470517025518096,2
fusiform_gyrus_left,temporal_pole_right,0.003572030869075859,0.003919201253514808,-9.719131697447155,0.014563484775012436,9
fusiform_gyrus_left,transverse_temporal_gyrus_right,0.0035682537885322967,0.004278652284915497,-19.90885566117212,1.0,0
fusiform_gyrus_left,insula_right,0.003780061388031991,0.0050611267636262005,-33.89006801979925,0.029470517025518096,5
inferior_parietal_gyrus_left,inferior_temporal_gyrus_left,0.005314986968677767,0.004545403337917891,14.479501742811033,0.0071968567300115215,13
inferior_parietal_gyrus_left,cingulate_gyrus_isthmus_left,0.002177411744988998,0.002203942343532595,-1.218446561825218,0.029470517025518096,1
inferior_parietal_gyrus_left,lateral_occipital_cortex_left,0.003641533365287149,0.004344604855563869,-19.307017669499793,0.0372759372031494,3
inferior_parietal_gyrus_left,lateral_orbitofrontal_cortex_left,0.002897818053258575,0.00346604682970477,-19.60884934812336,0.005689866029018293,13
inferior_parietal_gyrus_left,lingual_gyrus_left,0.002987663171759992,0.003571051188160587,-19.52656584299391,0.014563484775012436,10
inferior_parietal_gyrus_left,medial_orbitofrontal_gyrus_left,0.004288437696297283,0.0048696695738187756,-13.553464424196699,1.0,0
inferior_parietal_gyrus_left,middle_temporal_gyrus_left,0.0047006759021352585,0.004328177593130024,7.92435634279804,1e-05,18
inferior_parietal_gyrus_left,parahippocampal_gyrus_left,0.004031405666102098,0.005680776998191186,-40.91305784376294,1.0,0
inferior_parietal_gyrus_left,paracentral_gyrus_left,0.0025616656081041515,0.002432431428162175,5.044927781874725,1.0,0
inferior_parietal_gyrus_left,inferior_frontal_gyrus_pars_opercularis_left,0.003516246711722579,0.003884096877131496,-10.461443566589509,0.023299518105153717,5
inferior_parietal_gyrus_left,inferior_frontal_gyrus_pars_orbitalis_left,0.003620596177230754,0.0023154918099878687,36.04667030944905,0.014563484775012436,8
inferior_parietal_gyrus_left,inferior_frontal_gyrus_pars_triangularis_left,0.00148297221260441,0.0015313282342037055,-3.2607503490825516,1.0,0
inferior_parietal_gyrus_left,pericalcarine_cortex_left,0.00502456552140452,0.004660643638252296,7.242852772083992,1.0,0
inferior_parietal_gyrus_left,postcentral_gyrus_left,0.0029364971851025402,0.0014204568268890985,51.627509329980946,0.014563484775012436,6
inferior_parietal_gyrus_left,posterior_cingulate_gyrus_left,0.007641185973778681,0.004374835549540834,42.74664215013978,1e-05,18
inferior_parietal_gyrus_left,precentral_gyrus_left,0.004526316361478001,0.003862416353578879,14.667556460466574,0.01151395399326447,13
inferior_parietal_gyrus_left,precuneus_left,0.0024895831050750646,0.002602119986303931,-4.520310288074239,0.0372759372031494,0
inferior_parietal_gyrus_left,rostral_anterior_cingulate_cortex_left,0.0010800578933956892,0.0010950687364077512,-1.3898183702790352,0.023299518105153717,1
inferior_parietal_gyrus_left,rostral_middle_frontal_gyrus_left,0.0040285708600284525,0.0031764333163737894,21.15235335958928,0.0372759372031494,2
inferior_parietal_gyrus_left,superior_frontal_gyrus_left,0.003163912861268908,0.0031942319568918826,-0.9582784656975398,1.0,0
inferior_parietal_gyrus_left,superior_parietal_gyrus_left,0.007244636319363961,0.007683331315601898,-6.055445392964207,0.0372759372031494,4
inferior_parietal_gyrus_left,superior_temporal_gyrus_left,0.0040495709140432315,0.00360548134084913,10.966336498863953,0.029470517025518096,1
inferior_parietal_gyrus_left,supramarginal_gyrus_left,0.006501157904459487,0.005442557479472774,16.28325969840793,0.0372759372031494,3
inferior_parietal_gyrus_left,frontal_pole_left,0.00506596743588378,0.003919083930231469,22.638982981386487,0.0006866488450042998,18
inferior_parietal_gyrus_left,temporal_pole_left,0.006138612486745209,0.00657818591892486,-7.160794611629245,0.009102981779915217,14
inferior_parietal_gyrus_left,transverse_temporal_gyrus_left,0.0018288725847987073,0.0017093427329837494,6.535712373211272,0.018420699693267165,4
inferior_parietal_gyrus_left,insula_left,0.006157239859232508,0.005190658668524157,15.698287102767413,1.0,0
inferior_parietal_gyrus_left,banks_superior_temporal_sulcus_right,0.0042093659829340255,0.004747183976899656,-12.776698347116852,1.0,0
inferior_parietal_gyrus_left,caudal_anterior_cingulate_cortex_right,0.0023692955485077258,0.0023549412364845686,0.6058472541426103,1.0,0
inferior_parietal_gyrus_left,caudal_middle_frontal_gyrus_right,0.0035669083450036803,0.0040581280325534775,-13.771581437966285,1.0,0
inferior_parietal_gyrus_left,cuneus_right,0.001943332121673489,0.001977033736164323,-1.7342179504454467,1.0,0
inferior_parietal_gyrus_left,entorhinal_cortex_right,0.003442528573161214,0.002914371054982921,15.342138981675769,1e-05,18
inferior_parietal_gyrus_left,fusiform_gyrus_right,0.002439291095922797,0.0024588163578633106,-0.8004482110867902,0.029470517025518096,2
inferior_parietal_gyrus_left,inferior_parietal_gyrus_right,0.00308324085728153,0.0029250163683767886,5.131758958469657,1e-05,18
inferior_parietal_gyrus_left,inferior_temporal_gyrus_right,0.0017248659205320995,0.001872840103183377,-8.578880299613626,0.029470517025518096,0
inferior_parietal_gyrus_left,cingulate_gyrus_isthmus_right,0.0031085896535347924,0.002890629956012203,7.011530044653734,0.0022229964825261957,15
inferior_parietal_gyrus_left,lateral_occipital_cortex_right,0.0035010069677608897,0.0038754006554257,-10.693885819492047,1.0,0
inferior_parietal_gyrus_left,lateral_orbitofrontal_cortex_right,0.0028078997747314404,0.0030738102522878934,-9.470084365168832,1.0,0
inferior_parietal_gyrus_left,lingual_gyrus_right,0.003467620188332336,0.0040479936941997955,-16.736939870758317,0.018420699693267165,7
inferior_parietal_gyrus_left,medial_orbitofrontal_gyrus_right,0.0022359599762026058,0.00227021845241639,-1.532159635163344,1.0,0
inferior_parietal_gyrus_left,middle_temporal_gyrus_right,0.0017767314520462183,0.0017767314520462183,0.0,1.0,0
inferior_parietal_gyrus_left,parahippocampal_gyrus_right,0.004659665584165818,0.004302653717197421,7.661748692472087,0.029470517025518096,6
inferior_parietal_gyrus_left,paracentral_gyrus_right,0.002502078371940058,0.002448329753263957,2.1481588777903013,1.0,0
inferior_parietal_gyrus_left,inferior_frontal_gyrus_pars_opercularis_right,0.003182465640654969,0.003137309128143932,1.4189159478794366,0.0372759372031494,1
inferior_parietal_gyrus_left,inferior_frontal_gyrus_pars_orbitalis_right,0.003659353890987921,0.0038775677972949676,-5.963181283025209,0.029470517025518096,3
inferior_parietal_gyrus_left,inferior_frontal_gyrus_pars_triangularis_right,0.003947737936018945,0.003970314657382662,-0.5718900729890932,0.04714866363457394,0
inferior_parietal_gyrus_left,pericalcarine_cortex_right,0.0020049464158048403,0.002002789863717103,0.10756158223168735,1.0,0
inferior_parietal_gyrus_left,postcentral_gyrus_right,0.002236458428869603,0.003674543289282863,-64.30188202246741,1.0,0
inferior_parietal_gyrus_left,posterior_cingulate_gyrus_right,0.0027052509879203594,0.0026120481095346037,3.445258085180656,0.0372759372031494,0
inferior_parietal_gyrus_left,precentral_gyrus_right,0.002606781873107314,0.0028446940350331995,-9.126661665875835,0.023299518105153717,5
inferior_parietal_gyrus_left,precuneus_right,0.0038557182963883502,0.010521520706578523,-172.88094974246502,1.0,0
inferior_parietal_gyrus_left,rostral_anterior_cingulate_cortex_right,0.004091130001696577,0.004476278477645507,-9.414232150755659,1.0,0
inferior_parietal_gyrus_left,rostral_middle_frontal_gyrus_right,0.004803549721410109,0.004765731361491905,0.787300269832581,1.0,0
inferior_parietal_gyrus_left,superior_frontal_gyrus_right,0.0011784258422817314,0.0013995425382970438,-18.763734473708958,0.023299518105153717,0
inferior_parietal_gyrus_left,superior_parietal_gyrus_right,0.0021082617376066578,0.002545805944915549,-20.753789698123555,0.029470517025518096,3
inferior_parietal_gyrus_left,superior_temporal_gyrus_right,0.0027858928639277712,0.0029191461606823013,-4.783145054855379,0.0372759372031494,0
inferior_parietal_gyrus_left,supramarginal_gyrus_right,0.0031051932849150018,0.002997914083053905,3.4548316970237636,0.023299518105153717,6
inferior_parietal_gyrus_left,frontal_pole_right,0.003294925450422314,0.0030591499384541748,7.155716131238096,0.04714866363457394,0
inferior_parietal_gyrus_left,temporal_pole_right,0.0018800649631980381,0.0017594660660552757,6.414613298128838,1.0,0
inferior_parietal_gyrus_left,transverse_temporal_gyrus_right,0.0028753844831213068,0.0028283207571202316,1.6367802732936174,0.0022229964825261957,14
inferior_parietal_gyrus_left,insula_right,0.00618428498658922,0.004555629315431736,26.335391636854798,0.04714866363457394,1
inferior_temporal_gyrus_left,cingulate_gyrus_isthmus_left,0.0033146651419708193,0.00306158158944088,7.635267566709977,1.0,0
inferior_temporal_gyrus_left,lateral_occipital_cortex_left,0.005465768455419099,0.004383844897683711,19.79453697243071,1.0,0
inferior_temporal_gyrus_left,lateral_orbitofrontal_cortex_left,0.003264442781745456,0.003489078626013944,-6.881292131221796,1.0,0
inferior_temporal_gyrus_left,lingual_gyrus_left,0.005475286665215992,0.0029398962193179982,46.306076757681076,1.0,0
inferior_temporal_gyrus_left,medial_orbitofrontal_gyrus_left,0.00335875320381658,0.003227634127675237,3.9038020415537207,0.029470517025518096,2
inferior_temporal_gyrus_left,middle_temporal_gyrus_left,0.004798543280317083,0.005545861488584046,-15.573855743520168,1.0,0
inferior_temporal_gyrus_left,parahippocampal_gyrus_left,0.0020291706225793824,0.002029346729458904,-0.0086787615374405,0.018420699693267165,5
inferior_temporal_gyrus_left,paracentral_gyrus_left,0.0033990057157861184,0.0026574462466220938,21.816952696489288,1.0,0
inferior_temporal_gyrus_left,inferior_frontal_gyrus_pars_opercularis_left,0.0037194621703394446,0.003478706520092606,6.472861914465092,0.0372759372031494,2
inferior_temporal_gyrus_left,inferior_frontal_gyrus_pars_orbitalis_left,0.0048094636606800896,0.006026823441695144,-25.31175754518356,1.0,0
inferior_temporal_gyrus_left,inferior_frontal_gyrus_pars_triangularis_left,0.0026022673732932484,0.0026022673732932484,0.0,1.0,0
inferior_temporal_gyrus_left,pericalcarine_cortex_left,0.0029977400023837733,0.003743688480715584,-24.8836949748357,1.0,0
inferior_temporal_gyrus_left,postcentral_gyrus_left,0.0018913713000697928,0.0017869713585386305,5.519801507367162,0.004498432668969444,13
inferior_temporal_gyrus_left,posterior_cingulate_gyrus_left,0.003359840545681453,0.0031875988168206006,5.12648521615831,0.0022229964825261957,19
inferior_temporal_gyrus_left,precentral_gyrus_left,0.0028593614221650845,0.0018718727021419597,34.53528862662652,0.000339322177189533,18
inferior_temporal_gyrus_left,precuneus_left,0.0025423577400793826,0.0021768990986495186,14.374792172971414,0.018420699693267165,8
inferior_temporal_gyrus_left,rostral_anterior_cingulate_cortex_left,0.0029923874830312916,0.0029764967250796807,0.5310394473216278,1.0,0
inferior_temporal_gyrus_left,rostral_middle_frontal_gyrus_left,0.00324037561241031,0.002615637659520375,19.279800480452085,0.009102981779915217,12
inferior_temporal_gyrus_left,superior_frontal_gyrus_left,0.0027984657556124255,0.002276115683173935,18.66558743450401,0.0372759372031494,0
inferior_temporal_gyrus_left,superior_parietal_gyrus_left,0.0047498811961526775,0.004505384290498823,5.147432021076498,1.0,0
inferior_temporal_gyrus_left,superior_temporal_gyrus_left,0.002011329760135006,0.0024513409882720694,-21.876632905164637,1e-05,35
inferior_temporal_gyrus_left,supramarginal_gyrus_left,0.003165072591990765,0.003306677993429289,-4.474001695785972,0.023299518105153717,5
inferior_temporal_gyrus_left,frontal_pole_left,0.0022392156037850308,0.0033583251708284344,-49.977749581225254,0.023299518105153717,5
inferior_temporal_gyrus_left,temporal_pole_left,0.0030511688320177936,0.004033122431121118,-32.182866736153066,1.0,0
inferior_temporal_gyrus_left,transverse_temporal_gyrus_left,0.005051503951025941,0.0020892035740441945,58.64194912448034,1.0,0
inferior_temporal_gyrus_left,insula_left,0.002287894989170345,0.0022170335011620643,3.0972351591179037,1.0,0
inferior_temporal_gyrus_left,banks_superior_temporal_sulcus_right,0.004244563477295416,0.004379478855258691,-3.1785454189800904,1.0,0
inferior_temporal_gyrus_left,caudal_anterior_cingulate_cortex_right,0.002502522892001046,0.002804593741956141,-12.070652816828199,0.029470517025518096,1
inferior_temporal_gyrus_left,caudal_middle_frontal_gyrus_right,0.0019421412007229269,0.00202519777804752,-4.276546797610634,1.0,0
inferior_temporal_gyrus_left,cuneus_right,0.0035359099842642906,0.00421918583294026,-19.323903937507527,0.0372759372031494,1
inferior_temporal_gyrus_left,entorhinal_cortex_right,0.004435055356196171,0.004085552108596562,7.880470919293511,1.0,0
inferior_temporal_gyrus_left,fusiform_gyrus_right,0.005128476469871774,0.003196951877970942,37.662736745463235,0.0071968567300115215,14
inferior_temporal_gyrus_left,inferior_parietal_gyrus_right,0.0034740398922434397,0.005637969749907779,-62.28857252030381,1.0,0
inferior_temporal_gyrus_left,inferior_temporal_gyrus_right,0.013291357609371775,0.01243724380291398,6.4260840130849886,1e-05,18
inferior_temporal_gyrus_left,cingulate_gyrus_isthmus_right,0.002695447436295731,0.002691232102663041,0.15638715769145822,0.0372759372031494,0
inferior_temporal_gyrus_left,lateral_occipital_cortex_right,0.00627493472998867,0.0045975658908791114,26.731255563395905,1.0,0
inferior_temporal_gyrus_left,lateral_orbitofrontal_cortex_right,0.0032274699208113635,0.0032274699208113635,0.0,1.0,0
inferior_temporal_gyrus_left,lingual_gyrus_right,0.0025322089653550713,0.0019681447598031963,22.275578882676488,0.014563484775012436,8
inferior_temporal_gyrus_left,medial_orbitofrontal_gyrus_right,0.0015158884455640672,0.0017571230919129941,-15.913746625277742,1.0,0
inferior_temporal_gyrus_left,middle_temporal_gyrus_right,0.00302147781792087,0.0029394386286149144,2.7152007808684937,0.005689866029018293,15
inferior_temporal_gyrus_left,parahippocampal_gyrus_right,0.001995021648805675,0.002685443322764121,-34.60722716326255,0.0372759372031494,0
inferior_temporal_gyrus_left,paracentral_gyrus_right,0.0024194634265116083,0.00286084040761888,-18.24276309659496,0.029470517025518096,2
inferior_temporal_gyrus_left,inferior_frontal_gyrus_pars_opercularis_right,0.003360099891379481,0.004771046782471391,-41.99121861560636,0.0372759372031494,0
inferior_temporal_gyrus_left,inferior_frontal_gyrus_pars_orbitalis_right,0.0035472883762542786,0.003861284603686022,-8.851725434381079,0.0372759372031494,1
inferior_temporal_gyrus_left,inferior_frontal_gyrus_pars_triangularis_right,0.0025667865874763264,0.0032675830666013773,-27.302483289585695,0.0372759372031494,0
inferior_temporal_gyrus_left,pericalcarine_cortex_right,0.0014049636627569387,0.0016933216475163244,-20.524230797083057,0.018420699693267165,2
inferior_temporal_gyrus_left,postcentral_gyrus_right,0.004006986037017193,0.003831138456004417,4.388524925923553,1.0,0
inferior_temporal_gyrus_left,posterior_cingulate_gyrus_right,0.0027584426980031464,0.0027801076981678525,-0.7854069319761287,0.0071968567300115215,13
inferior_temporal_gyrus_left,precentral_gyrus_right,0.0038893680678015303,0.0031476594036484486,19.0701587307558,0.023299518105153717,3
inferior_temporal_gyrus_left,precuneus_right,0.003249460024044186,0.0035164599756753465,-8.216748310658089,1.0,0
inferior_temporal_gyrus_left,rostral_anterior_cingulate_cortex_right,0.0021900891333085804,0.0029182461797502106,-33.24782701157003,1.0,0
inferior_temporal_gyrus_left,rostral_middle_frontal_gyrus_right,0.002792709149760133,0.002793338067769772,-0.02251999674555167,1.0,0
inferior_temporal_gyrus_left,superior_frontal_gyrus_right,0.0026770500344937775,0.002703988518285215,-1.0062749460912366,0.018420699693267165,10
inferior_temporal_gyrus_left,superior_parietal_gyrus_right,0.005132324143049614,0.004301548366060297,16.187126023877212,0.04714866363457394,0
inferior_temporal_gyrus_left,superior_temporal_gyrus_right,0.003081820814973511,0.003144323886681707,-2.028121537907558,0.029470517025518096,2
inferior_temporal_gyrus_left,supramarginal_gyrus_right,0.003037495806209451,0.0020628511359964616,32.0871116338846,0.005689866029018293,14
inferior_temporal_gyrus_left,frontal_pole_right,0.005133305234316504,0.005499425944354037,-7.132260664921905,1.0,0
inferior_temporal_gyrus_left,temporal_pole_right,0.004997623233153691,0.005013392437802261,-0.3155340831609369,1.0,0
inferior_temporal_gyrus_left,transverse_temporal_gyrus_right,0.0018322804614469192,0.001608739068489164,12.200173371997238,0.029470517025518096,1
inferior_temporal_gyrus_left,insula_right,0.0031938448312744043,0.0029045943008890658,9.05649916216882,0.01151395399326447,10
cingulate_gyrus_isthmus_left,lateral_occipital_cortex_left,0.002891870992782757,0.0016725879145453833,42.16242983453753,0.014563484775012436,9
cingulate_gyrus_isthmus_left,lateral_orbitofrontal_cortex_left,0.0025631431566783868,0.00233410315741253,8.935903508513848,1.0,0
cingulate_gyrus_isthmus_left,lingual_gyrus_left,0.004608415575405516,0.004867240434700862,-5.61635241137234,1.0,0
cingulate_gyrus_isthmus_left,medial_orbitofrontal_gyrus_left,0.006049589396020033,0.004852292288093193,19.7913780514514,0.014563484775012436,9
cingulate_gyrus_isthmus_left,middle_temporal_gyrus_left,0.005034804013447737,0.0036334510843266175,27.833316359051285,0.01151395399326447,13
cingulate_gyrus_isthmus_left,parahippocampal_gyrus_left,0.003498313676258046,0.0031187473378165307,10.84998012092262,0.023299518105153717,3
cingulate_gyrus_isthmus_left,paracentral_gyrus_left,0.002513721848080741,0.002996175175692983,-19.19278889112577,1.0,0
cingulate_gyrus_isthmus_left,inferior_frontal_gyrus_pars_opercularis_left,0.005157899784415345,0.004100108703357385,20.50817435914687,0.018420699693267165,13
cingulate_gyrus_isthmus_left,inferior_frontal_gyrus_pars_orbitalis_left,0.00387847882532034,0.004730517977610277,-21.96838478857914,1.0,0
cingulate_gyrus_isthmus_left,inferior_frontal_gyrus_pars_triangularis_left,0.003905525735316238,0.003979110918715689,-1.884130034889973,1.0,0
cingulate_gyrus_isthmus_left,pericalcarine_cortex_left,0.002884328392485918,0.0036795733619007405,-27.571235351929673,1.0,0
cingulate_gyrus_isthmus_left,postcentral_gyrus_left,0.0009084580435774599,0.001000150864460735,-10.093236724746648,1.0,0
cingulate_gyrus_isthmus_left,posterior_cingulate_gyrus_left,0.0043716572290281195,0.0038257451091752393,12.487532559231413,0.0372759372031494,1
cingulate_gyrus_isthmus_left,precentral_gyrus_left,0.0026645627509446247,0.002659775394848059,0.1796676056838481,0.0022229964825261957,18
cingulate_gyrus_isthmus_left,precuneus_left,0.005389355513679988,0.006134730563279874,-13.830504365649565,0.0372759372031494,3
cingulate_gyrus_isthmus_left,rostral_anterior_cingulate_cortex_left,0.003977069357603579,0.00442802205491858,-11.338819033991571,1.0,0
cingulate_gyrus_isthmus_left,rostral_middle_frontal_gyrus_left,0.002699834996351799,0.0023875140525526314,11.568149321021362,0.0372759372031494,0
cingulate_gyrus_isthmus_left,superior_frontal_gyrus_left,0.003357742312995132,0.004282261439777972,-27.533951107706105,0.029470517025518096,4
cingulate_gyrus_isthmus_left,superior_parietal_gyrus_left,0.004926800163981024,0.005368819017776562,-8.97172280351576,0.04714866363457394,0
cingulate_gyrus_isthmus_left,superior_temporal_gyrus_left,0.003093576179423968,0.00335150018126755,-8.337405865712604,0.0372759372031494,0
cingulate_gyrus_isthmus_left,supramarginal_gyrus_left,0.0012651589296208165,0.001219003328674352,3.6482057602279143,1.0,0
cingulate_gyrus_isthmus_left,frontal_pole_left,0.00260444593040427,0.0027080072332883415,-3.97632762020889,1.0,0
cingulate_gyrus_isthmus_left,temporal_pole_left,0.003965595751186051,0.004572682426207536,-15.308839153358356,0.004498432668969444,14
cingulate_gyrus_isthmus_left,transverse_temporal_gyrus_left,0.0026343856824476877,0.00168790176505673,35.928069443178515,0.023299518105153717,3
cingulate_gyrus_isthmus_left,insula_left,0.003970996247060705,0.0034832447867967618,12.28284868375216,0.04714866363457394,0
cingulate_gyrus_isthmus_left,banks_superior_temporal_sulcus_right,0.002828162815182291,0.004297116535502254,-51.940210529402655,0.0071968567300115215,14
cingulate_gyrus_isthmus_left,caudal_anterior_cingulate_cortex_right,0.003240079493114367,0.003335116087007507,-2.9331562418485873,1.0,0
cingulate_gyrus_isthmus_left,caudal_middle_frontal_gyrus_right,0.0018280852600954698,0.002348002676216114,-28.440545278150324,1.0,0
cingulate_gyrus_isthmus_left,cuneus_right,0.0019064815059538977,0.0019149347907563674,-0.443397157332512,1.0,0
cingulate_gyrus_isthmus_left,entorhinal_cortex_right,0.0036785158114192875,0.004220955108238582,-14.746145582285935,0.01151395399326447,13
cingulate_gyrus_isthmus_left,fusiform_gyrus_right,0.0019500138001045798,0.002367448428801513,-21.406752540651038,0.023299518105153717,3
cingulate_gyrus_isthmus_left,inferior_parietal_gyrus_right,0.003600602911458138,0.0036133268265939496,-0.35338290416086393,1.0,0
cingulate_gyrus_isthmus_left,inferior_temporal_gyrus_right,0.0024501511844576955,0.0022500802776778024,8.165655574603889,1.0,0
cingulate_gyrus_isthmus_left,cingulate_gyrus_isthmus_right,0.009760793786243083,0.012361513424287863,-26.644550586759124,0.05963623316594643,1
cingulate_gyrus_isthmus_left,lateral_occipital_cortex_right,0.0024752195402537452,0.003022077140269886,-22.09329682166618,0.0372759372031494,0
cingulate_gyrus_isthmus_left,lateral_orbitofrontal_cortex_right,0.0017705579634106473,0.001672766279474533,5.523212792634989,0.029470517025518096,1
cingulate_gyrus_isthmus_left,lingual_gyrus_right,0.003145921229491899,0.003813330853351533,-21.21507740253967,1.0,0
cingulate_gyrus_isthmus_left,medial_orbitofrontal_gyrus_right,0.0038096411285043126,0.004169297822263405,-9.440697473262933,0.0017575106248547913,16
cingulate_gyrus_isthmus_left,middle_temporal_gyrus_right,0.0018431179669441335,0.002030350514936629,-10.158467952158528,1.0,0
cingulate_gyrus_isthmus_left,parahippocampal_gyrus_right,0.003803054410883846,0.0041658191688047005,-9.53877380462054,1.0,0
cingulate_gyrus_isthmus_left,paracentral_gyrus_right,0.0040618378898911196,0.003625830657215428,10.734235203251282,1.0,0
cingulate_gyrus_isthmus_left,inferior_frontal_gyrus_pars_opercularis_right,0.0036798560521655085,0.003684143752398786,-0.11651815104980412,0.029470517025518096,2
cingulate_gyrus_isthmus_left,inferior_frontal_gyrus_pars_orbitalis_right,0.0024901092393571495,0.0028945526254846084,-16.241993713973397,1.0,0
cingulate_gyrus_isthmus_left,inferior_frontal_gyrus_pars_triangularis_right,0.0029494237978913685,0.003217164291163687,-9.077722010100223,1.0,0
cingulate_gyrus_isthmus_left,pericalcarine_cortex_right,0.002274228412548833,0.0023784235516305322,-4.58155999224911,1.0,0
cingulate_gyrus_isthmus_left,postcentral_gyrus_right,0.0035346995797088227,0.003495622469654699,1.1055284663638265,0.0071968567300115215,14
cingulate_gyrus_isthmus_left,posterior_cingulate_gyrus_right,0.0023142161072357247,0.001960675197086745,15.276918566229995,1.0,0
cingulate_gyrus_isthmus_left,precentral_gyrus_right,0.0029748262098048973,0.0026535154500027143,10.800992634230422,0.029470517025518096,2
cingulate_gyrus_isthmus_left,precuneus_right,0.0023627064536006935,0.002749298957116083,-16.36227398990823,1.0,0
cingulate_gyrus_isthmus_left,rostral_anterior_cingulate_cortex_right,0.0036697098915800135,0.0034836568487559175,5.069965973358999,0.0372759372031494,1
cingulate_gyrus_isthmus_left,rostral_middle_frontal_gyrus_right,0.004154169781756841,0.005059799792030706,-21.800505464436387,1.0,0
cingulate_gyrus_isthmus_left,superior_frontal_gyrus_right,0.0017104882210546794,0.0022080213377299552,-29.087199230667554,0.023299518105153717,5
cingulate_gyrus_isthmus_left,superior_parietal_gyrus_right,0.0035077750288838873,0.0021514199614612976,38.66710539455999,0.029470517025518096,1
cingulate_gyrus_isthmus_left,superior_temporal_gyrus_right,0.0046595078967421755,0.00461611937883086,0.9311824096628699,0.01151395399326447,14
cingulate_gyrus_isthmus_left,supramarginal_gyrus_right,0.00207249172713801,0.002088953278679978,-0.7942879253226511,1.0,0
cingulate_gyrus_isthmus_left,frontal_pole_right,0.0014886646319898751,0.001533369748600831,-3.0030347769597503,0.023299518105153717,3
cingulate_gyrus_isthmus_left,temporal_pole_right,0.004440153080368989,0.005736327068768887,-29.192101374400863,1.0,0
cingulate_gyrus_isthmus_left,transverse_temporal_gyrus_right,0.005342982197501148,0.005568082587754419,-4.213010298977755,1.0,0
cingulate_gyrus_isthmus_left,insula_right,0.004101890636486334,0.0040359160296213345,1.6083950722175457,1.0,0
lateral_occipital_cortex_left,lateral_orbitofrontal_cortex_left,0.0029026814740631466,0.003292291957163664,-13.422433242568093,1.0,0
lateral_occipital_cortex_left,lingual_gyrus_left,0.0030904529178393154,0.0037011778582748526,-19.76166460618738,0.01151395399326447,12
lateral_occipital_cortex_left,medial_orbitofrontal_gyrus_left,0.0005109721843707994,0.0005154776120509101,-0.8817363875997759,1.0,0
lateral_occipital_cortex_left,middle_temporal_gyrus_left,0.00686539089962802,0.007109555332621153,-3.556453471664109,1.0,0
lateral_occipital_cortex_left,parahippocampal_gyrus_left,0.006934748206080169,0.0066664942297111505,3.868258347632889,1.0,0
lateral_occipital_cortex_left,paracentral_gyrus_left,0.0022301005487062927,0.0024562899756379007,-10.142566309973025,1.0,0
lateral_occipital_cortex_left,inferior_frontal_gyrus_pars_opercularis_left,0.0025019842855014698,0.002826945385436036,-12.98813513009074,0.0372759372031494,0
lateral_occipital_cortex_left,inferior_frontal_gyrus_pars_orbitalis_left,0.0023972942766251745,0.0024966373399636825,-4.143966149969693,0.0372759372031494,0
lateral_occipital_cortex_left,inferior_frontal_gyrus_pars_triangularis_left,0.0016789806113069166,0.0017101579573484617,-1.8569211479623156,1.0,0
lateral_occipital_cortex_left,pericalcarine_cortex_left,0.0027227951085016006,0.0030036516992192354,-10.315010110040742,0.004498432668969444,19
lateral_occipital_cortex_left,postcentral_gyrus_left,0.0035713638259512554,0.003488556243676095,2.3186543379714144,1.0,0
lateral_occipital_cortex_left,posterior_cingulate_gyrus_left,0.00340838896881138,0.004106308881971693,-20.4765336217979,1.0,0
lateral_occipital_cortex_left,precentral_gyrus_left,0.004274126657946833,0.004610437686132264,-7.868532102578945,0.000868511373751352,18
lateral_occipital_cortex_left,precuneus_left,0.0016337071858962035,0.0015310095148526534,6.286173674826137,1.0,0
lateral_occipital_cortex_left,rostral_anterior_cingulate_cortex_left,0.002437398005315633,0.0024915111848861594,-2.220120778490551,0.029470517025518096,2
lateral_occipital_cortex_left,rostral_middle_frontal_gyrus_left,0.0020258705927454347,0.0036836597324149205,-81.83094940051777,1.0,0
lateral_occipital_cortex_left,superior_frontal_gyrus_left,0.002068059980888711,0.002055198886857898,0.6218917318484218,1.0,0
lateral_occipital_cortex_left,superior_parietal_gyrus_left,0.005216850947091877,0.005582385918988825,-7.006812646251949,1.0,0
lateral_occipital_cortex_left,superior_temporal_gyrus_left,0.002818533634512517,0.004113346870719288,-45.939250834262864,1.0,0
lateral_occipital_cortex_left,supramarginal_gyrus_left,0.003066526357396382,0.0030018588864096267,2.1088183648178664,0.029470517025518096,2
lateral_occipital_cortex_left,frontal_pole_left,0.003329535225019597,0.0033413782849743587,-0.35569709146693385,1.0,0
lateral_occipital_cortex_left,temporal_pole_left,0.0036373126056719967,0.003659160979545782,-0.6006735258254993,0.0071968567300115215,14
lateral_occipital_cortex_left,transverse_temporal_gyrus_left,0.0027503404892830945,0.0022516611045021073,18.13155086521572,1.0,0
lateral_occipital_cortex_left,insula_left,0.004057000838788477,0.003515872255939654,13.338143233177574,1.0,0
lateral_occipital_cortex_left,banks_superior_temporal_sulcus_right,0.002964481235697998,0.003224360575141079,-8.766435635133696,0.029470517025518096,2
lateral_occipital_cortex_left,caudal_anterior_cingulate_cortex_right,0.0036832014770338505,0.0037246852317231343,-1.126296102669124,0.0372759372031494,2
lateral_occipital_cortex_left,caudal_middle_frontal_gyrus_right,0.0016553668052812192,0.0017294275480501924,-4.473977763278364,1.0,0
lateral_occipital_cortex_left,cuneus_right,0.0035306733534644823,0.0031634071640618162,10.402157113806213,1.0,0
lateral_occipital_cortex_left,entorhinal_cortex_right,0.004286340013214323,0.0027213218949369965,36.511758597137536,0.029470517025518096,1
lateral_occipital_cortex_left,fusiform_gyrus_right,0.003009439195403825,0.0033130865840290285,-10.08983298579183,1e-05,18
lateral_occipital_cortex_left,inferior_parietal_gyrus_right,0.0039542719977524,0.004419601703726916,-11.767771823461,1.0,0
lateral_occipital_cortex_left,inferior_temporal_gyrus_right,0.0035414609501722223,0.003621170640764015,-2.2507572923518047,1e-05,18
lateral_occipital_cortex_left,cingulate_gyrus_isthmus_right,0.0025260772621971987,0.00289127774560188,-14.457217475883041,1.0,0
lateral_occipital_cortex_left,lateral_occipital_cortex_right,0.008943919266900559,0.008507177714684597,4.883111521726767,1.0,0
lateral_occipital_cortex_left,lateral_orbitofrontal_cortex_right,0.0025514671809648407,0.002514291818613796,1.457019029223281,0.018420699693267165,6
lateral_occipital_cortex_left,lingual_gyrus_right,0.0049612537789439385,0.004224220355110574,14.855789618370444,0.0372759372031494,2
lateral_occipital_cortex_left,medial_orbitofrontal_gyrus_right,0.002448388567605353,0.0025024885376693493,-2.209615368238253,1.0,0
lateral_occipital_cortex_left,middle_temporal_gyrus_right,0.00213520435237465,0.002549802358564463,-19.417251830192324,1.0,0
lateral_occipital_cortex_left,parahippocampal_gyrus_right,0.002787121618093833,0.0021170915417861222,24.040216686559862,0.029470517025518096,3
lateral_occipital_cortex_left,paracentral_gyrus_right,0.00116614008816509,0.0011567431822768375,0.80581278215368,0.009102981779915217,10
lateral_occipital_cortex_left,inferior_frontal_gyrus_pars_opercularis_right,0.0027243891007633367,0.0028351384011984933,-4.065105839842267,1.0,0
lateral_occipital_cortex_left,inferior_frontal_gyrus_pars_orbitalis_right,0.003453388921153718,0.0030110244592936957,12.809575520159944,0.009102981779915217,13
lateral_occipital_cortex_left,inferior_frontal_gyrus_pars_triangularis_right,0.004530085379203795,0.004607986852544023,-1.719646912127737,0.04714866363457394,0
lateral_occipital_cortex_left,pericalcarine_cortex_right,0.0026403620618479094,0.002725546265174998,-3.226231908038805,0.029470517025518096,1
lateral_occipital_cortex_left,postcentral_gyrus_right,0.001039031883204938,0.0013236150185357376,-27.389259168158624,1.0,0
lateral_occipital_cortex_left,posterior_cingulate_gyrus_right,0.0020575449989668607,0.0017586553193542072,14.526519700066476,0.014563484775012436,7
lateral_occipital_cortex_left,precentral_gyrus_right,0.0035676978276059433,0.0022436662566699813,37.11165112389678,0.023299518105153717,4
lateral_occipital_cortex_left,precuneus_right,0.004427298902851704,0.004531568980409692,-2.3551623652703113,0.023299518105153717,7
lateral_occipital_cortex_left,rostral_anterior_cingulate_cortex_right,0.0009020018258938507,0.000973852645048166,-7.965706619619506,0.014563484775012436,5
lateral_occipital_cortex_left,rostral_middle_frontal_gyrus_right,0.0015194011594410776,0.0016104780901506645,-5.994264920996257,0.029470517025518096,0
lateral_occipital_cortex_left,superior_frontal_gyrus_right,0.003244441895511355,0.0034094291104026756,-5.085226371893987,1.0,0
lateral_occipital_cortex_left,superior_parietal_gyrus_right,0.0027326555195687006,0.0028455050340096405,-4.129664849184909,0.029470517025518096,3
lateral_occipital_cortex_left,superior_temporal_gyrus_right,0.004280331236167355,0.004588456950268632,-7.19864181299146,0.029470517025518096,3
lateral_occipital_cortex_left,supramarginal_gyrus_right,0.0061674961295916896,0.005500186010327365,10.819789834363517,0.0372759372031494,1
lateral_occipital_cortex_left,frontal_pole_right,0.0030828363203595755,0.003603276450783394,-16.88186060955437,1.0,0
lateral_occipital_cortex_left,temporal_pole_right,0.0016207294362999974,0.0016127514511354473,0.49224657650219983,1.0,0
lateral_occipital_cortex_left,transverse_temporal_gyrus_right,0.0026933164451068167,0.0032146686685911507,-19.357258387944725,0.0372759372031494,0
lateral_occipital_cortex_left,insula_right,0.0017335058755256227,0.0016157068144827642,6.795423234844256,0.023299518105153717,2
lateral_orbitofrontal_cortex_left,lingual_gyrus_left,0.0025683851398652924,0.0030860021479805575,-20.15340301113926,0.023299518105153717,6
lateral_orbitofrontal_cortex_left,medial_orbitofrontal_gyrus_left,0.0029055186951909293,0.002575410824757143,11.361409271954246,1.0,0
lateral_orbitofrontal_cortex_left,middle_temporal_gyrus_left,0.0015404085648042538,0.0014426720743221234,6.344842057830946,1.0,0
lateral_orbitofrontal_cortex_left,parahippocampal_gyrus_left,0.003950936489567951,0.0036799634762854135,6.858450243328744,0.029470517025518096,2
lateral_orbitofrontal_cortex_left,paracentral_gyrus_left,0.00228861306488393,0.002569065215562177,-12.254240569603267,1.0,0
lateral_orbitofrontal_cortex_left,inferior_frontal_gyrus_pars_opercularis_left,0.0022763488043827666,0.0030463507033782187,-33.82618241602207,0.0372759372031494,1
lateral_orbitofrontal_cortex_left,inferior_frontal_gyrus_pars_orbitalis_left,0.007508244656434872,0.007270519447846538,3.1661888958905102,1.0,0
lateral_orbitofrontal_cortex_left,inferior_frontal_gyrus_pars_triangularis_left,0.00629749224748487,0.006322914013121824,-0.40368077701257254,1.0,0
lateral_orbitofrontal_cortex_left,pericalcarine_cortex_left,0.0017207008144899682,0.0013810808931448652,19.737302294807687,0.014563484775012436,6
lateral_orbitofrontal_cortex_left,postcentral_gyrus_left,0.002323800627463847,0.002614595296154254,-12.513752912089316,1.0,0
lateral_orbitofrontal_cortex_left,posterior_cingulate_gyrus_left,0.0026285515432480848,0.002705420215773628,-2.9243737952559705,1.0,0
lateral_orbitofrontal_cortex_left,precentral_gyrus_left,0.004243140815306493,0.0031410698367219853,25.973000344672798,0.009102981779915217,10
lateral_orbitofrontal_cortex_left,precuneus_left,0.002481904765142484,0.0025855391693367343,-4.175599549578227,1.0,0
lateral_orbitofrontal_cortex_left,rostral_anterior_cingulate_cortex_left,0.006952360676318998,0.006865809636245298,1.2449158509354663,1.0,0
lateral_orbitofrontal_cortex_left,rostral_middle_frontal_gyrus_left,0.0040431270099739736,0.0030537954060841505,24.469466367226282,0.023299518105153717,5
lateral_orbitofrontal_cortex_left,superior_frontal_gyrus_left,0.0023155440593340647,0.0019980992454800167,13.70929706884278,1.0,0
lateral_orbitofrontal_cortex_left,superior_parietal_gyrus_left,0.0018757684861697877,0.0018979423766266915,-1.1821229869460956,1.0,0
lateral_orbitofrontal_cortex_left,superior_temporal_gyrus_left,0.005204388066141662,0.004723796636879016,9.23435038192566,1e-05,18
lateral_orbitofrontal_cortex_left,supramarginal_gyrus_left,0.006714715992581098,0.006333949047463047,5.670633658054186,0.05963623316594643,0
lateral_orbitofrontal_cortex_left,frontal_pole_left,0.002746108461494094,0.0023274219632899895,15.24653902330962,0.005689866029018293,13
lateral_orbitofrontal_cortex_left,temporal_pole_left,0.007172256257632482,0.007041375371052914,1.8248216722637194,1.0,0
lateral_orbitofrontal_cortex_left,transverse_temporal_gyrus_left,0.0024144375641198105,0.0021598549184960385,10.54418011909042,1.0,0
lateral_orbitofrontal_cortex_left,insula_left,0.003970994174327306,0.002313815544690389,41.73208413023286,1.5998587196060572e-05,18
lateral_orbitofrontal_cortex_left,banks_superior_temporal_sulcus_right,0.0042077120761630305,0.004363033750307032,-3.691356997165027,1.0,0
lateral_orbitofrontal_cortex_left,caudal_anterior_cingulate_cortex_right,0.0017109167855876434,0.001570795508749805,8.18983588320524,0.029470517025518096,0
lateral_orbitofrontal_cortex_left,caudal_middle_frontal_gyrus_right,0.007002107437938468,0.002999787244851681,57.15879438526773,1.0,0
lateral_orbitofrontal_cortex_left,cuneus_right,0.0034212065502548816,0.00363840320500455,-6.348539661643262,0.023299518105153717,6
lateral_orbitofrontal_cortex_left,entorhinal_cortex_right,0.001728438755779019,0.0017620160217204895,-1.9426355622497646,1.0,0
lateral_orbitofrontal_cortex_left,fusiform_gyrus_right,0.0034673830672843687,0.00452375596719917,-30.465999268495743,1.0,0
lateral_orbitofrontal_cortex_left,inferior_parietal_gyrus_right,0.0031074406100131255,0.003392351430607815,-9.168665031814918,1.0,0
lateral_orbitofrontal_cortex_left,inferior_temporal_gyrus_right,0.003880970222295542,0.0039910541352572,-2.8365049628374974,1.0,0
lateral_orbitofrontal_cortex_left,cingulate_gyrus_isthmus_right,0.001490157445276551,0.0019087785180743472,-28.092405545784878,0.023299518105153717,2
lateral_orbitofrontal_cortex_left,lateral_occipital_cortex_right,0.002733158979578496,0.002809134486792262,-2.779769043126898,1.0,0
lateral_orbitofrontal_cortex_left,lateral_orbitofrontal_cortex_right,0.003969843795993973,0.004193694232963197,-5.638771913270613,0.04714866363457394,0
lateral_orbitofrontal_cortex_left,lingual_gyrus_right,0.002368794534140671,0.0025007002027190384,-5.568472346472167,0.023299518105153717,4
lateral_orbitofrontal_cortex_left,medial_orbitofrontal_gyrus_right,0.003071589918773144,0.002914041059145381,5.129228308272717,0.018420699693267165,7
lateral_orbitofrontal_cortex_left,middle_temporal_gyrus_right,0.002611338045169636,0.0027013718444407002,-3.447803299063692,1.0,0
lateral_orbitofrontal_cortex_left,parahippocampal_gyrus_right,0.0021314950555334626,0.0027284106131300664,-28.004548077509384,1.0,0
lateral_orbitofrontal_cortex_left,paracentral_gyrus_right,0.0015945961920027455,0.0017335474746858032,-8.713885269507687,0.0035564803062231283,15
lateral_orbitofrontal_cortex_left,inferior_frontal_gyrus_pars_opercularis_right,0.0015884173232295965,0.0015242070236801974,4.0424074083280335,1.0,0
lateral_orbitofrontal_cortex_left,inferior_frontal_gyrus_pars_orbitalis_right,0.0031863018828484787,0.0025672549700048804,19.428382356858947,0.0071968567300115215,11
lateral_orbitofrontal_cortex_left,inferior_frontal_gyrus_pars_triangularis_right,0.003908017700517608,0.0034471520622309164,11.792823717908215,0.029470517025518096,3
lateral_orbitofrontal_cortex_left,pericalcarine_cortex_right,0.0022907658555425784,0.0031823628866734306,-38.9213515197813,0.014563484775012436,10
lateral_orbitofrontal_cortex_left,postcentral_gyrus_right,0.0031829712648918794,0.0016857850755532821,47.037376863955274,0.018420699693267165,7
lateral_orbitofrontal_cortex_left,posterior_cingulate_gyrus_right,0.0017116969208003704,0.0019455158253748946,-13.660064567107657,1.0,0
lateral_orbitofrontal_cortex_left,precentral_gyrus_right,0.001906317322742748,0.0016890773587006167,11.395792371522562,1.0,0
lateral_orbitofrontal_cortex_left,precuneus_right,0.005586716771010311,0.0068909963992124425,-23.346084680184404,1.0,0
lateral_orbitofrontal_cortex_left,rostral_anterior_cingulate_cortex_right,0.0029814787487733095,0.0028107796328215107,5.7253172112003385,0.01151395399326447,12
lateral_orbitofrontal_cortex_left,rostral_middle_frontal_gyrus_right,0.0030232035266689406,0.0031382495200208372,-3.805433287472309,0.0372759372031494,0
lateral_orbitofrontal_cortex_left,superior_frontal_gyrus_right,0.00436487694726258,0.0031312735266789127,28.262043477704868,1.0,0
lateral_orbitofrontal_cortex_left,superior_parietal_gyrus_right,0.0032565854809635765,0.0035691181081902263,-9.596942228403476,1.0,0
lateral_orbitofrontal_cortex_left,superior_temporal_gyrus_right,0.002644680517121757,0.002178069296591484,17.643387074900545,0.014563484775012436,4
lateral_orbitofrontal_cortex_left,supramarginal_gyrus_right,0.0027992625639586977,0.0032067879481797795,-14.55831223080275,0.023299518105153717,4
lateral_orbitofrontal_cortex_left,frontal_pole_right,0.0036151903187156436,0.0036343096230652436,-0.528860244248286,1.0,0
lateral_orbitofrontal_cortex_left,temporal_pole_right,0.003974078086247252,0.004053342491028174,-1.9945356648935935,1.0,0
lateral_orbitofrontal_cortex_left,transverse_temporal_gyrus_right,0.003613276633850649,0.003972198018186793,-9.933404516377795,0.04714866363457394,0
lateral_orbitofrontal_cortex_left,insula_right,0.003060100649344838,0.0032053653438848958,-4.747056099973664,1.0,0
lingual_gyrus_left,medial_orbitofrontal_gyrus_left,0.0022216315987934007,0.002689121327285998,-21.042630503927718,1.0,0
lingual_gyrus_left,middle_temporal_gyrus_left,0.0026265450512857297,0.0020176697370430743,23.181605582763662,0.0372759372031494,0
lingual_gyrus_left,parahippocampal_gyrus_left,0.0035256822441863656,0.006198223371134402,-75.80209848334725,0.0372759372031494,2
lingual_gyrus_left,paracentral_gyrus_left,0.0030765023622289765,0.0031588070040425714,-2.6752666542392602,1.0,0
lingual_gyrus_left,inferior_frontal_gyrus_pars_opercularis_left,0.0029557421099671347,0.0025541520087867613,13.58677740612623,0.000868511373751352,18
lingual_gyrus_left,inferior_frontal_gyrus_pars_orbitalis_left,0.002372347425795535,0.0031961537002822226,-34.72536381177117,1.0,0
lingual_gyrus_left,inferior_frontal_gyrus_pars_triangularis_left,0.0020901472855045784,0.0020906451693755556,-0.023820516115303045,1.0,0
lingual_gyrus_left,pericalcarine_cortex_left,0.00387160218316124,0.00898406844504881,-132.0504023921471,0.00021209508879201905,18
lingual_gyrus_left,postcentral_gyrus_left,0.002694588456639327,0.0025919917468720443,3.8075094367189783,0.0010985411419875584,17
lingual_gyrus_left,posterior_cingulate_gyrus_left,0.001803382400524713,0.0021281464867212267,-18.008609050527504,1.0,0
lingual_gyrus_left,precentral_gyrus_left,0.002454711086786714,0.002779602176853,-13.23541054648421,0.018420699693267165,6
lingual_gyrus_left,precuneus_left,0.003934609565033355,0.0038685536107872405,1.6788439400226538,1.0,0
lingual_gyrus_left,rostral_anterior_cingulate_cortex_left,0.0032414603453465455,0.00298149829777397,8.019905224069088,0.0017575106248547913,18
lingual_gyrus_left,rostral_middle_frontal_gyrus_left,0.0026790686889694047,0.0033567894359284064,-25.296878342440344,1.0,0
lingual_gyrus_left,superior_frontal_gyrus_left,0.003542437532737571,0.003735032876342485,-5.4368028179759476,1.0,0
lingual_gyrus_left,superior_parietal_gyrus_left,0.0035487501571317085,0.0035584873553376663,-0.27438387530295927,1.0,0
lingual_gyrus_left,superior_temporal_gyrus_left,0.0016008127066761163,0.0014050409210792753,12.22952471456428,0.018420699693267165,1
lingual_gyrus_left,supramarginal_gyrus_left,0.003626167484704291,0.003045189199057892,16.021827124561984,1e-05,18
lingual_gyrus_left,frontal_pole_left,0.0039473450263941764,0.0039473450263941764,0.0,1.0,0
lingual_gyrus_left,temporal_pole_left,0.0030816315355210074,0.003658705313533506,-18.726241971525432,1.0,0
lingual_gyrus_left,transverse_temporal_gyrus_left,0.0015799668043292342,0.001557439534654145,1.425806517792821,1.0,0
lingual_gyrus_left,insula_left,0.00557244685082545,0.005513875376625152,1.0510907644031102,1.0,0
lingual_gyrus_left,banks_superior_temporal_sulcus_right,0.003021551087950851,0.003174574470414473,-5.064398317600481,1.0,0
lingual_gyrus_left,caudal_anterior_cingulate_cortex_right,0.0027451252989677,0.002818059911094345,-2.6568773437799598,1.0,0
lingual_gyrus_left,caudal_middle_frontal_gyrus_right,0.002650891247885541,0.002650891247885541,0.0,0.0372759372031494,0
lingual_gyrus_left,cuneus_right,0.007147738311562269,0.007270595068568735,-1.7188200190224057,0.029470517025518096,7
lingual_gyrus_left,entorhinal_cortex_right,0.0027439105859291537,0.0028182396663977774,-2.7088740008433643,0.0372759372031494,0
lingual_gyrus_left,fusiform_gyrus_right,0.0049861997804866234,0.004802364990601772,3.686871725522996,1.0,0
lingual_gyrus_left,inferior_parietal_gyrus_right,0.0037577117016367755,0.004259066710971804,-13.342029648433357,0.0372759372031494,0
lingual_gyrus_left,inferior_temporal_gyrus_right,0.0037840275804617747,0.003837896122809422,-1.423576895310933,0.0372759372031494,2
lingual_gyrus_left,cingulate_gyrus_isthmus_right,0.0036135622891791293,0.003596106527834925,0.4830624172848994,0.029470517025518096,2
lingual_gyrus_left,lateral_occipital_cortex_right,0.006877127157829199,0.006374745112856061,7.305114962156925,0.04714866363457394,1
lingual_gyrus_left,lateral_orbitofrontal_cortex_right,0.002118263380944645,0.002303666288874692,-8.752589956371057,0.0022229964825261957,15
lingual_gyrus_left,lingual_gyrus_right,0.006206392767439436,0.0068302540774575595,-10.051914749757444,0.05963623316594643,0
lingual_gyrus_left,medial_orbitofrontal_gyrus_right,0.0005313861120371417,0.0006298647935668811,-18.532415375367602,0.005689866029018293,8
lingual_gyrus_left,middle_temporal_gyrus_right,0.0033786132269031017,0.003962783466355445,-17.290237154129777,0.014563484775012436,14
lingual_gyrus_left,parahippocampal_gyrus_right,0.005441293348908144,0.005530467353763439,-1.638838399940131,0.04714866363457394,1
lingual_gyrus_left,paracentral_gyrus_right,0.0039001104305963646,0.004167435890227174,-6.854304881565431,0.0372759372031494,1
lingual_gyrus_left,inferior_frontal_gyrus_pars_opercularis_right,0.0038815650310302513,0.004215815797771707,-8.611237067249084,1.0,0
lingual_gyrus_left,inferior_frontal_gyrus_pars_orbitalis_right,0.004397086536353685,0.004627014161152359,-5.229090282797647,1.0,0
lingual_gyrus_left,inferior_frontal_gyrus_pars_triangularis_right,0.0035303328897852105,0.004016304655846729,-13.765607415313347,1.0,0
lingual_gyrus_left,pericalcarine_cortex_right,0.0037758162993213615,0.003533919166851701,6.406485731658544,1.0,0
lingual_gyrus_left,postcentral_gyrus_right,0.0007869485745137153,0.0007073747401045447,10.111694332548003,0.0071968567300115215,9
lingual_gyrus_left,posterior_cingulate_gyrus_right,0.0029976559457856444,0.0029976559457856444,0.0,1.0,0
lingual_gyrus_left,precentral_gyrus_right,0.0021037966934435368,0.0023058221490507443,-9.602898238067302,1.0,0
lingual_gyrus_left,precuneus_right,0.0011826589655443238,0.001176036267135828,0.5599837824294165,1.0,0
lingual_gyrus_left,rostral_anterior_cingulate_cortex_right,0.004278622803106553,0.004948177184311674,-15.648829355066828,1.0,0
lingual_gyrus_left,rostral_middle_frontal_gyrus_right,0.0016336630254373931,0.001687869314484665,-3.3180826280106777,0.023299518105153717,1
lingual_gyrus_left,superior_frontal_gyrus_right,0.0021515277827839087,0.0028575935755742604,-32.81694981771315,0.029470517025518096,1
lingual_gyrus_left,superior_parietal_gyrus_right,0.004172076447930478,0.003747122057562124,10.18568081558401,0.0071968567300115215,14
lingual_gyrus_left,superior_temporal_gyrus_right,0.004927789226165801,0.005126293932291538,-4.028271036263238,1.0,0
lingual_gyrus_left,supramarginal_gyrus_right,0.00325027957862328,0.0035006834470241955,-7.70407167579655,1.0,0
lingual_gyrus_left,frontal_pole_right,0.0021709702682618393,0.0021953464070696206,-1.1228223234626653,1.0,0
lingual_gyrus_left,temporal_pole_right,0.004732149420172391,0.0047951455192196376,-1.331236473191314,1.0,0
lingual_gyrus_left,transverse_temporal_gyrus_right,0.003993519370220692,0.006136951917747183,-53.672772029350135,1.0,0
lingual_gyrus_left,insula_right,0.004541597571068916,0.004926833804529036,-8.482394739555275,1.0,0
medial_orbitofrontal_gyrus_left,middle_temporal_gyrus_left,0.0024912474325386362,0.0009828938441235168,60.546117126474016,0.009102981779915217,10
medial_orbitofrontal_gyrus_left,parahippocampal_gyrus_left,0.005320116537180976,0.005033236306454278,5.39236741755116,0.0372759372031494,4
medial_orbitofrontal_gyrus_left,paracentral_gyrus_left,0.004008951921243075,0.007039589613324461,-75.59675824552323,0.0372759372031494,2
medial_orbitofrontal_gyrus_left,inferior_frontal_gyrus_pars_opercularis_left,0.002028449926010861,0.0020037136695332794,1.2194659656316,0.029470517025518096,1
medial_orbitofrontal_gyrus_left,inferior_frontal_gyrus_pars_orbitalis_left,0.001332265749207138,0.001019935533909932,23.443537108349513,0.000868511373751352,18
medial_orbitofrontal_gyrus_left,inferior_frontal_gyrus_pars_triangularis_left,0.0025322825131339384,0.0023564554080456775,6.9434237363452125,0.004498432668969444,18
medial_orbitofrontal_gyrus_left,pericalcarine_cortex_left,0.002516585478397578,0.0032841606962432305,-30.50066148893149,1.0,0
medial_orbitofrontal_gyrus_left,postcentral_gyrus_left,0.002553394721047326,0.0025506498561408725,0.10749865204263147,0.0372759372031494,0
medial_orbitofrontal_gyrus_left,posterior_cingulate_gyrus_left,0.004136191492872145,0.004148270986834043,-0.2920438761772676,1.0,0
medial_orbitofrontal_gyrus_left,precentral_gyrus_left,0.0017823848149502886,0.001625293986201363,8.81351924855278,1.0,0
medial_orbitofrontal_gyrus_left,precuneus_left,0.00292610744963856,0.002516828154112133,13.987158796133153,0.0022229964825261957,15
medial_orbitofrontal_gyrus_left,rostral_anterior_cingulate_cortex_left,0.007204212828039445,0.00792768273777421,-10.042317280230186,1.0,0
medial_orbitofrontal_gyrus_left,rostral_middle_frontal_gyrus_left,0.0030529030987796343,0.0028059724960402274,8.088386520951637,0.0071968567300115215,11
medial_orbitofrontal_gyrus_left,superior_frontal_gyrus_left,0.004119833163862924,0.003951329070748277,4.090070796863303,1.0,0
medial_orbitofrontal_gyrus_left,superior_parietal_gyrus_left,0.0015923734615238862,0.0014753657768859947,7.3480051925706045,0.029470517025518096,0
medial_orbitofrontal_gyrus_left,superior_temporal_gyrus_left,0.003489793899568493,0.0033948531884023213,2.720524876208626,1.0,0
medial_orbitofrontal_gyrus_left,supramarginal_gyrus_left,0.005260512508264937,0.006061324354030337,-15.223076544485393,0.05963623316594643,0
medial_orbitofrontal_gyrus_left,frontal_pole_left,0.004507700385179552,0.004415399991045693,2.0476159958928304,0.018420699693267165,7
medial_orbitofrontal_gyrus_left,temporal_pole_left,0.0068373282655404205,0.0037395602097679546,45.306703663548895,1.0,0
medial_orbitofrontal_gyrus_left,transverse_temporal_gyrus_left,0.0014348571153125383,0.0012283514332747964,14.392072899381422,1.0,0
medial_orbitofrontal_gyrus_left,insula_left,0.003985916466516015,0.0038530559295286873,3.333249407092006,0.0372759372031494,4
medial_orbitofrontal_gyrus_left,banks_superior_temporal_sulcus_right,0.004104364788520977,0.004398952351381777,-7.1774215509473756,1.0,0
medial_orbitofrontal_gyrus_left,caudal_anterior_cingulate_cortex_right,0.0023594949144137753,0.0027151245160347477,-15.0722766744903,0.00026826957952797245,18
medial_orbitofrontal_gyrus_left,caudal_middle_frontal_gyrus_right,0.0019973267926342154,0.002148039371567078,-7.545714576536176,0.01151395399326447,10
medial_orbitofrontal_gyrus_left,cuneus_right,0.0028746456139163118,0.0025787776497653834,10.292328303656488,0.0006866488450042998,17
medial_orbitofrontal_gyrus_left,entorhinal_cortex_right,0.0016640800350747448,0.0016122144484694396,3.116772361431259,0.023299518105153717,1
medial_orbitofrontal_gyrus_left,fusiform_gyrus_right,0.0016959913075678225,0.002248089082717202,-32.5531016984473,0.029470517025518096,0
medial_orbitofrontal_gyrus_left,inferior_parietal_gyrus_right,0.0026730482956783307,0.003341393236118941,-25.00310007571362,0.0372759372031494,0
medial_orbitofrontal_gyrus_left,inferior_temporal_gyrus_right,0.004075546791013881,0.00546585621912348,-34.11344537069414,1.0,0
medial_orbitofrontal_gyrus_left,cingulate_gyrus_isthmus_right,0.004236269791323274,0.0033885012951760515,20.012146013070787,0.0010985411419875584,18
medial_orbitofrontal_gyrus_left,lateral_occipital_cortex_right,0.003511139286863761,0.0025213206904124387,28.190809750969848,0.018420699693267165,8
medial_orbitofrontal_gyrus_left,lateral_orbitofrontal_cortex_right,0.0051411331157662915,0.004970185920771741,3.32508789687447,1.0,0
medial_orbitofrontal_gyrus_left,lingual_gyrus_right,0.0018150527295077183,0.002436692044156823,-34.2491049732592,0.0372759372031494,0
medial_orbitofrontal_gyrus_left,medial_orbitofrontal_gyrus_right,0.005429758828527326,0.0032896919230427668,39.41366408837341,0.018420699693267165,8
medial_orbitofrontal_gyrus_left,middle_temporal_gyrus_right,0.0024355864965797404,0.0026022687404037258,-6.8436183259373,0.01151395399326447,12
medial_orbitofrontal_gyrus_left,parahippocampal_gyrus_right,0.0020820125695619226,0.002110530145302777,-1.3697119872266061,0.009102981779915217,9
medial_orbitofrontal_gyrus_left,paracentral_gyrus_right,0.0020946545256187647,0.0023156676545092484,-10.551292644556556,1.0,0
medial_orbitofrontal_gyrus_left,inferior_frontal_gyrus_pars_opercularis_right,0.0016558526811560135,0.0021971671543331364,-32.690980262761705,1.0,0
medial_orbitofrontal_gyrus_left,inferior_frontal_gyrus_pars_orbitalis_right,0.00481375924823269,0.004430120806062303,7.969622542116858,0.0372759372031494,2
medial_orbitofrontal_gyrus_left,inferior_frontal_gyrus_pars_triangularis_right,0.003263525772802446,0.003052711684790742,6.459703482919771,1.0,0
medial_orbitofrontal_gyrus_left,pericalcarine_cortex_right,0.001749718620156314,0.001778294462970471,-1.633167898253492,1.0,0
medial_orbitofrontal_gyrus_left,postcentral_gyrus_right,0.005113962927131864,0.004899906881588092,4.1857175852431086,0.0372759372031494,2
medial_orbitofrontal_gyrus_left,posterior_cingulate_gyrus_right,0.0017322451983902683,0.0019159761608962523,-10.606521679305017,0.023299518105153717,1
medial_orbitofrontal_gyrus_left,precentral_gyrus_right,0.002167971741247658,0.0017369415040346349,19.8817276541145,0.018420699693267165,6
medial_orbitofrontal_gyrus_left,precuneus_right,0.002900054186723644,0.003384067565242708,-16.68980465037039,0.04714866363457394,0
medial_orbitofrontal_gyrus_left,rostral_anterior_cingulate_cortex_right,0.003163283667990386,0.00336429212538835,-6.35442402564116,1.0,0
medial_orbitofrontal_gyrus_left,rostral_middle_frontal_gyrus_right,0.002468623959167828,0.0021579098939620445,12.586528784664521,1.0,0
medial_orbitofrontal_gyrus_left,superior_frontal_gyrus_right,0.0023171286505805607,0.0022774168561687947,1.7138364070469765,1.0,0
medial_orbitofrontal_gyrus_left,superior_parietal_gyrus_right,0.0016346381478186496,0.0016346381478186496,0.0,1.0,0
medial_orbitofrontal_gyrus_left,superior_temporal_gyrus_right,0.0027588413058606113,0.0030036753915784957,-8.874525881491731,1.0,0
medial_orbitofrontal_gyrus_left,supramarginal_gyrus_right,0.0047054178678064005,0.0033633714210753525,28.521302133718702,0.04714866363457394,0
medial_orbitofrontal_gyrus_left,frontal_pole_right,0.005786734995089681,0.0036462307700354116,36.989843614241686,0.029470517025518096,5
medial_orbitofrontal_gyrus_left,temporal_pole_right,0.003993145330291125,0.004627572080093459,-15.887895313744563,1.0,0
medial_orbitofrontal_gyrus_left,transverse_temporal_gyrus_right,0.002087118230204071,0.0018926386886893981,9.31808934923908,1.0,0
medial_orbitofrontal_gyrus_left,insula_right,0.005052584175766403,0.004675421562107382,7.464746762023229,1.0,0
middle_temporal_gyrus_left,parahippocampal_gyrus_left,0.004514968599110794,0.004979666988552274,-10.292394714173648,0.000868511373751352,17
middle_temporal_gyrus_left,paracentral_gyrus_left,0.0029120758563393407,0.002725309680966993,6.413506535750907,1.0,0
middle_temporal_gyrus_left,inferior_frontal_gyrus_pars_opercularis_left,0.005193395851266938,0.005306735112943548,-2.1823728620447906,1e-05,18
middle_temporal_gyrus_left,inferior_frontal_gyrus_pars_orbitalis_left,0.006819446617684521,0.006361707431860793,6.712262907619173,1.0,0
middle_temporal_gyrus_left,inferior_frontal_gyrus_pars_triangularis_left,0.003514335863043327,0.0026520817664144962,24.535335557886608,0.023299518105153717,3
middle_temporal_gyrus_left,pericalcarine_cortex_left,0.0034546484459536397,0.004192466062537717,-21.3572416448993,0.029470517025518096,4
middle_temporal_gyrus_left,postcentral_gyrus_left,0.002655946162234849,0.002749575748580898,-3.5252817876121507,1.0,0
middle_temporal_gyrus_left,posterior_cingulate_gyrus_left,0.002208087607723348,0.001989036582493819,9.92039557050827,1.0,0
middle_temporal_gyrus_left,precentral_gyrus_left,0.015312359515527854,0.0033233430208781506,78.2963362536777,0.0035564803062231283,16
middle_temporal_gyrus_left,precuneus_left,0.0018215717224316853,0.0018005201479670062,1.1556818875392199,0.023299518105153717,2
middle_temporal_gyrus_left,rostral_anterior_cingulate_cortex_left,0.004008940603279133,0.0042970684346627765,-7.187131461812324,1.0,0
middle_temporal_gyrus_left,rostral_middle_frontal_gyrus_left,0.003116755531687358,0.0025330296316547303,18.728639256368254,0.018420699693267165,6
middle_temporal_gyrus_left,superior_frontal_gyrus_left,0.003797379742834764,0.0037698222763334214,0.7256968848938621,1.0,0
middle_temporal_gyrus_left,superior_parietal_gyrus_left,0.0032626174480934896,0.003033449345448581,7.024056797673999,1.0,0
middle_temporal_gyrus_left,superior_temporal_gyrus_left,0.005752295394508952,0.004913181266280601,14.587465884129589,0.014563484775012436,9
middle_temporal_gyrus_left,supramarginal_gyrus_left,0.004490336642894383,0.004134211499276126,7.9309230451974635,1.0,0
middle_temporal_gyrus_left,frontal_pole_left,0.004090166199237886,0.004562720881154096,-11.553434723612467,0.04714866363457394,0
middle_temporal_gyrus_left,temporal_pole_left,0.003465477316250545,0.003403591717794677,1.7857741606234143,1.0,0
middle_temporal_gyrus_left,transverse_temporal_gyrus_left,0.0025325153885889925,0.0029527788891472897,-16.594706687742963,1.0,0
middle_temporal_gyrus_left,insula_left,0.00410276692721795,0.0036887971516283017,10.090014444723954,0.029470517025518096,3
middle_temporal_gyrus_left,banks_superior_temporal_sulcus_right,0.0034045679786830754,0.003502341507821031,-2.871833658488891,1e-05,18
middle_temporal_gyrus_left,caudal_anterior_cingulate_cortex_right,0.0026199558525728424,0.0022471135250744507,14.230862979322875,0.004498432668969444,13
middle_temporal_gyrus_left,caudal_middle_frontal_gyrus_right,0.0033848396380058367,0.002167697752812938,35.95862774491652,0.005689866029018293,11
middle_temporal_gyrus_left,cuneus_right,0.0019371804076870121,0.0019470320687250357,-0.5085567146421016,0.002811768697974231,17
middle_temporal_gyrus_left,entorhinal_cortex_right,0.004674236546990611,0.0033958317631975765,27.350023280616874,0.029470517025518096,2
middle_temporal_gyrus_left,fusiform_gyrus_right,0.0048151910040419715,0.005327661697736539,-10.642790561462434,0.0372759372031494,2
middle_temporal_gyrus_left,inferior_parietal_gyrus_right,0.0019862191059450023,0.001995553873087933,-0.46997670674853453,1.0,0
middle_temporal_gyrus_left,inferior_temporal_gyrus_right,0.0011984905613712329,0.0012887227973790638,-7.52882324785213,1.0,0
middle_temporal_gyrus_left,cingulate_gyrus_isthmus_right,0.002676959844506544,0.002479955929192456,7.359240584738874,0.0372759372031494,0
middle_temporal_gyrus_left,lateral_occipital_cortex_right,0.0027693646732706943,0.0017899489337669869,35.366080493364244,0.01151395399326447,7
middle_temporal_gyrus_left,lateral_orbitofrontal_cortex_right,0.0016940874412650535,0.002065563536094334,-21.92779934380968,1.0,0
middle_temporal_gyrus_left,lingual_gyrus_right,0.0023112511476045673,0.0023301216556534917,-0.8164628957991946,0.00013257113655901082,23
middle_temporal_gyrus_left,medial_orbitofrontal_gyrus_right,0.0031032879898042444,0.0031006821619043385,0.08396990251846613,1.0,0
middle_temporal_gyrus_left,middle_temporal_gyrus_right,0.005030391313661437,0.005952097157517288,-18.3227464104572,1.0,0
middle_temporal_gyrus_left,parahippocampal_gyrus_right,0.004036069088653614,0.004108928826221598,-1.8052153213335864,1.0,0
middle_temporal_gyrus_left,paracentral_gyrus_right,0.0036284218122676925,0.0034731100490017655,4.280421938287826,1.0,0
middle_temporal_gyrus_left,inferior_frontal_gyrus_pars_opercularis_right,0.0025965801443181007,0.0032033126824825065,-23.366601623757795,1.0,0
middle_temporal_gyrus_left,inferior_frontal_gyrus_pars_orbitalis_right,0.0028583224946295677,0.00297250587388034,-3.9947689410592595,1.0,0
middle_temporal_gyrus_left,inferior_frontal_gyrus_pars_triangularis_right,0.0037696530797614,0.003401141579397788,9.775740434632706,1e-05,18
middle_temporal_gyrus_left,pericalcarine_cortex_right,0.002522732112815394,0.0026464337712986006,-4.903479757315747,1.0,0
middle_temporal_gyrus_left,postcentral_gyrus_right,0.0025579539275638486,0.003520959128829611,-37.64748031184879,0.002811768697974231,16
middle_temporal_gyrus_left,posterior_cingulate_gyrus_right,0.0023664250619527035,0.0028921219267131486,-22.21481141374727,1.0,0
middle_temporal_gyrus_left,precentral_gyrus_right,0.0029749812765429507,0.0027016220522926367,9.188603182335605,1.0,0
middle_temporal_gyrus_left,precuneus_right,0.0022373332074414145,0.0024772737903063884,-10.724400910285814,1.0,0
middle_temporal_gyrus_left,rostral_anterior_cingulate_cortex_right,0.0033081863510696355,0.0034881758621191725,-5.440730719154956,1.0,0
middle_temporal_gyrus_left,rostral_middle_frontal_gyrus_right,0.003543110294260857,0.0041326108193941846,-16.637938877832926,1.0,0
middle_temporal_gyrus_left,superior_frontal_gyrus_right,0.002424108163755634,0.002244077617065017,7.426671358249069,0.023299518105153717,2
middle_temporal_gyrus_left,superior_parietal_gyrus_right,0.004000373524937723,0.004704884561671899,-17.611131369167428,1.0,0
middle_temporal_gyrus_left,superior_temporal_gyrus_right,0.003889769010620077,0.003144226251918094,19.166761745143685,0.04714866363457394,0
middle_temporal_gyrus_left,supramarginal_gyrus_right,0.005331940365922269,0.003596718926253655,32.54390185529526,0.023299518105153717,7
middle_temporal_gyrus_left,frontal_pole_right,0.0035543835992134084,0.0037155585075494633,-4.534538938670636,0.029470517025518096,3
middle_temporal_gyrus_left,temporal_pole_right,0.003891925803116202,0.003891925803116202,0.0,1.0,0
middle_temporal_gyrus_left,transverse_temporal_gyrus_right,0.0031504802461458305,0.0037500340679846225,-19.030553280639097,0.0372759372031494,0
middle_temporal_gyrus_left,insula_right,0.0021832710731835587,0.002275563158866175,-4.227238972577036,1.0,0
parahippocampal_gyrus_left,paracentral_gyrus_left,0.0033752872964218318,0.002611537154937254,22.627707641190575,0.023299518105153717,5
parahippocampal_gyrus_left,inferior_frontal_gyrus_pars_opercularis_left,0.003676049119840857,0.0039345888204521985,-7.03308612542517,1.0,0
parahippocampal_gyrus_left,inferior_frontal_gyrus_pars_orbitalis_left,0.002360339682806554,0.0015821289071189847,32.970287342804845,0.018420699693267165,3
parahippocampal_gyrus_left,inferior_frontal_gyrus_pars_triangularis_left,0.0027366187448644246,0.002790264079897683,-1.9602779939269874,1.0,0
parahippocampal_gyrus_left,pericalcarine_cortex_left,0.003282073319136857,0.0032711999207017937,0.3312966341020967,0.029470517025518096,3
parahippocampal_gyrus_left,postcentral_gyrus_left,0.003720338115679476,0.004663285930450763,-25.345755827869652,0.029470517025518096,3
parahippocampal_gyrus_left,posterior_cingulate_gyrus_left,0.005103084465366724,0.005337109173966344,-4.58594620935404,0.05963623316594643,0
parahippocampal_gyrus_left,precentral_gyrus_left,0.005083306236822216,0.004058161726887727,20.166884743409604,0.009102981779915217,9
parahippocampal_gyrus_left,precuneus_left,0.0011835606353481627,0.0010761683139250855,9.073664518378145,1.0,0
parahippocampal_gyrus_left,rostral_anterior_cingulate_cortex_left,0.002858054682031038,0.0030233877322966146,-5.784810602296975,1.0,0
parahippocampal_gyrus_left,rostral_middle_frontal_gyrus_left,0.0025861560003496765,0.002504617041175003,3.152901803435241,0.0372759372031494,1
parahippocampal_gyrus_left,superior_frontal_gyrus_left,0.002966079516620297,0.0029080088475383022,1.957825768210128,1.0,0
parahippocampal_gyrus_left,superior_parietal_gyrus_left,0.003261455426526753,0.003102877604930259,4.862179636327868,0.0372759372031494,0
parahippocampal_gyrus_left,superior_temporal_gyrus_left,0.005638109839246848,0.005684328615810865,-0.8197565830003566,1.0,0
parahippocampal_gyrus_left,supramarginal_gyrus_left,0.003458393146430322,0.003048377321222479,11.855674235043304,0.0010985411419875584,17
parahippocampal_gyrus_left,frontal_pole_left,0.003099338924230595,0.003153786977023617,-1.7567634300123747,1.0,0
parahippocampal_gyrus_left,temporal_pole_left,0.005497131673821278,0.005450051192714634,0.8564554007475004,1.0,0
parahippocampal_gyrus_left,transverse_temporal_gyrus_left,0.004322282948359124,0.004621616588444012,-6.925359668980582,1.0,0
parahippocampal_gyrus_left,insula_left,0.005936686765755145,0.005354824845331121,9.801122130620127,1.0,0
parahippocampal_gyrus_left,banks_superior_temporal_sulcus_right,0.003738761870310381,0.003584698227676779,4.1207128984872226,1e-05,18
parahippocampal_gyrus_left,caudal_anterior_cingulate_cortex_right,0.004778068115058007,0.005044961840241751,-5.585808296508628,0.04714866363457394,1
parahippocampal_gyrus_left,caudal_middle_frontal_gyrus_right,0.003947315075983875,0.0043432157043968795,-10.029618127565488,1.0,0
parahippocampal_gyrus_left,cuneus_right,0.0025150138937899153,0.0023926634635982147,4.864801363277114,1e-05,18
parahippocampal_gyrus_left,entorhinal_cortex_right,0.006470475883075283,0.006097075729923011,5.7708298415726755,1.0,0
parahippocampal_gyrus_left,fusiform_gyrus_right,0.0039922539289853655,0.004493175534497557,-12.547338281147383,1.0,0
parahippocampal_gyrus_left,inferior_parietal_gyrus_right,0.005298328217444292,0.005557093115351554,-4.883897095225247,1.0,0
parahippocampal_gyrus_left,inferior_temporal_gyrus_right,0.0033307726002337577,0.0034756102128671892,-4.348468959522083,0.0013894954943731374,18
parahippocampal_gyrus_left,cingulate_gyrus_isthmus_right,0.0019401473027828623,0.002475522910656404,-27.59458558149798,1.0,0
parahippocampal_gyrus_left,lateral_occipital_cortex_right,0.004461418178085284,0.0035047080242245907,21.444081582849666,0.0372759372031494,3
parahippocampal_gyrus_left,lateral_orbitofrontal_cortex_right,0.004328009275500304,0.0035790767322018756,17.30431927532905,1.0,0
parahippocampal_gyrus_left,lingual_gyrus_right,0.004793599097986528,0.005060930172461848,-5.576834211847379,1.0,0
parahippocampal_gyrus_left,medial_orbitofrontal_gyrus_right,0.005664804412462227,0.007192187622601827,-26.962682185098018,1.0,0
parahippocampal_gyrus_left,middle_temporal_gyrus_right,0.004598456436072811,0.004710375834857022,-2.4338471036988536,1.0,0
parahippocampal_gyrus_left,parahippocampal_gyrus_right,0.016778199795202533,0.014430394509051571,13.993189464952497,1.0,0
parahippocampal_gyrus_left,paracentral_gyrus_right,0.0016401503691540632,0.0016498444144200694,-0.5910461289598756,1.0,0
parahippocampal_gyrus_left,inferior_frontal_gyrus_pars_opercularis_right,0.003248941228638183,0.0033544033026832176,-3.2460443764087348,1.0,0
parahippocampal_gyrus_left,inferior_frontal_gyrus_pars_orbitalis_right,0.0029097176796954423,0.0030728030823218623,-5.604853136249629,1.0,0
parahippocampal_gyrus_left,inferior_frontal_gyrus_pars_triangularis_right,0.002687338971769589,0.002864696544317983,-6.599746976899072,0.0071968567300115215,13
parahippocampal_gyrus_left,pericalcarine_cortex_right,0.004837867015568213,0.005352210426745907,-10.631615328047285,1e-05,18
parahippocampal_gyrus_left,postcentral_gyrus_right,0.0030265502695437495,0.0032405460529963508,-7.070617184391288,0.029470517025518096,2
parahippocampal_gyrus_left,posterior_cingulate_gyrus_right,0.0025907646760748243,0.003065246060471141,-18.31433741466579,0.029470517025518096,2
parahippocampal_gyrus_left,precentral_gyrus_right,0.0016547256673477451,0.001691825420321418,-2.2420485586071615,0.029470517025518096,0
parahippocampal_gyrus_left,precuneus_right,0.0020315552666850087,0.00228560595694637,-12.505231554734342,1.0,0
parahippocampal_gyrus_left,rostral_anterior_cingulate_cortex_right,0.006335478665491603,0.0074369757454374255,-17.38616982400258,0.002811768697974231,18
parahippocampal_gyrus_left,rostral_middle_frontal_gyrus_right,0.0025067818204004538,0.0024662612195818882,1.6164390729502112,0.018420699693267165,8
parahippocampal_gyrus_left,superior_frontal_gyrus_right,0.0027134759982409148,0.0028873427528625403,-6.407528746682832,0.0372759372031494,0
parahippocampal_gyrus_left,superior_parietal_gyrus_right,0.0021427163882349887,0.0026215924554587387,-22.349017809968437,1.0,0
parahippocampal_gyrus_left,superior_temporal_gyrus_right,0.0031377086377903083,0.003262393188543286,-3.9737453392353657,1.0,0
parahippocampal_gyrus_left,supramarginal_gyrus_right,0.004246561584451271,0.004805845819563137,-13.170284334499671,0.0372759372031494,1
parahippocampal_gyrus_left,frontal_pole_right,0.006298852270818938,0.00645248046668386,-2.438987124315395,1.0,0
parahippocampal_gyrus_left,temporal_pole_right,0.006540167716581411,0.007279241529059803,-11.300533021570743,0.05963623316594643,0
parahippocampal_gyrus_left,transverse_temporal_gyrus_right,0.005173849314294554,0.004754871928606251,8.0979819905217,0.018420699693267165,10
parahippocampal_gyrus_left,insula_right,0.003582986037871351,0.0037721488106705506,-5.279472786100533,0.009102981779915217,13
paracentral_gyrus_left,inferior_frontal_gyrus_pars_opercularis_left,0.0028464037752894042,0.003414587241716791,-19.961450000874077,0.023299518105153717,6
paracentral_gyrus_left,inferior_frontal_gyrus_pars_orbitalis_left,0.0033019835742328705,0.00316323347863271,4.202022586753647,1.0,0
paracentral_gyrus_left,inferior_frontal_gyrus_pars_triangularis_left,0.0018549311226673752,0.002063173171060467,-11.226403279796273,1.0,0
paracentral_gyrus_left,pericalcarine_cortex_left,0.0027396375741844544,0.0028425509997188187,-3.7564613109454803,0.029470517025518096,2
paracentral_gyrus_left,postcentral_gyrus_left,0.0037910796901852407,0.004755666893737165,-25.443601358450813,1.0,0
paracentral_gyrus_left,posterior_cingulate_gyrus_left,0.005947358992477399,0.00603451007676169,-1.4653745367401791,1.0,0
paracentral_gyrus_left,precentral_gyrus_left,0.0029061598572657824,0.004193701029059691,-44.30386609927481,1.0,0
paracentral_gyrus_left,precuneus_left,0.004014547262990919,0.003717925619928284,7.388669845716203,0.0372759372031494,1
paracentral_gyrus_left,rostral_anterior_cingulate_cortex_left,0.0012495500211487367,0.001391889493239943,-11.391258427601853,1.0,0
paracentral_gyrus_left,rostral_middle_frontal_gyrus_left,0.0018450020996252398,0.001700642685100817,7.82434960663434,0.014563484775012436,7
paracentral_gyrus_left,superior_frontal_gyrus_left,0.0028452407810290324,0.004496544657005985,-58.03740361755004,0.018420699693267165,7
paracentral_gyrus_left,superior_parietal_gyrus_left,0.004185840862457649,0.0045714451971435935,-9.212111672576649,0.01151395399326447,22
paracentral_gyrus_left,superior_temporal_gyrus_left,0.0026045863656990564,0.0024886565056568203,4.45098928447785,0.0071968567300115215,9
paracentral_gyrus_left,supramarginal_gyrus_left,0.0034031585671830413,0.0034431286833543255,-1.1745005524197316,1.0,0
paracentral_gyrus_left,frontal_pole_left,0.001903973323626647,0.002067805728295876,-8.604763661140208,1.0,0
paracentral_gyrus_left,temporal_pole_left,0.0016158512788025895,0.0020727121977390794,-28.273698509867952,0.018420699693267165,6
paracentral_gyrus_left,transverse_temporal_gyrus_left,0.004058512161223957,0.004109734347193293,-1.262092706256374,1.0,0
paracentral_gyrus_left,insula_left,0.00510888838663131,0.004523030905650075,11.467415935612893,1.0,0
paracentral_gyrus_left,banks_superior_temporal_sulcus_right,0.005153467978285286,0.0053301298663392125,-3.428019516145455,1.0,0
paracentral_gyrus_left,caudal_anterior_cingulate_cortex_right,0.004906392280091624,0.00616130136647562,-25.577023090386913,0.04714866363457394,1
paracentral_gyrus_left,caudal_middle_frontal_gyrus_right,0.004013471611249199,0.003314274292359337,17.421259862162962,0.01151395399326447,9
paracentral_gyrus_left,cuneus_right,0.004766224871699945,0.006929110092738007,-45.37942038531297,1.0,0
paracentral_gyrus_left,entorhinal_cortex_right,0.002698820948792351,0.0035919030407336044,-33.09156512738956,1.0,0
paracentral_gyrus_left,fusiform_gyrus_right,0.003833008424447318,0.0037349105915419783,2.559290824399495,0.0372759372031494,1
paracentral_gyrus_left,inferior_parietal_gyrus_right,0.003024538767903077,0.0032807229999327393,-8.470191711487827,1.0,0
paracentral_gyrus_left,inferior_temporal_gyrus_right,0.003495425648827876,0.0036718838840525403,-5.048261726975548,1.0,0
paracentral_gyrus_left,cingulate_gyrus_isthmus_right,0.004586816176951836,0.008805334442162133,-91.9705107522689,1.0,0
paracentral_gyrus_left,lateral_occipital_cortex_right,0.0018815094682983469,0.0014320805640958352,23.88661400726189,0.023299518105153717,2
paracentral_gyrus_left,lateral_orbitofrontal_cortex_right,0.001490869221059921,0.001580587637126842,-6.017859568067045,0.018420699693267165,3
paracentral_gyrus_left,lingual_gyrus_right,0.0031261282352799554,0.0023849378575722968,23.709532108854216,0.009102981779915217,7
paracentral_gyrus_left,medial_orbitofrontal_gyrus_right,0.001967868086115697,0.0020012095450044304,-1.694293389072894,1.0,0
paracentral_gyrus_left,middle_temporal_gyrus_right,0.0019109435908744395,0.0019658326701808724,-2.8723547659151976,1.0,0
paracentral_gyrus_left,parahippocampal_gyrus_right,0.00303916474328312,0.0019500949566952476,35.83450976110569,1.0,0
paracentral_gyrus_left,paracentral_gyrus_right,0.016269361074762595,0.018572979584185887,-14.159243862358661,0.05963623316594643,6
paracentral_gyrus_left,inferior_frontal_gyrus_pars_opercularis_right,0.001760408178478462,0.0019855194365110884,-12.787446728814464,0.029470517025518096,0
paracentral_gyrus_left,inferior_frontal_gyrus_pars_orbitalis_right,0.003074472198351766,0.0034728743576786427,-12.958391997834989,0.023299518105153717,8
paracentral_gyrus_left,inferior_frontal_gyrus_pars_triangularis_right,0.0021710001846071887,0.002295626962725542,-5.740523607597145,1.0,0
paracentral_gyrus_left,pericalcarine_cortex_right,0.002469057733875038,0.0020430315052998305,17.254607809700143,0.018420699693267165,4
paracentral_gyrus_left,postcentral_gyrus_right,0.0021733013557249897,0.0017661186483621356,18.735676315216875,0.009102981779915217,11
paracentral_gyrus_left,posterior_cingulate_gyrus_right,0.0029367076153793497,0.002314254799528052,21.19560056273741,0.023299518105153717,3
paracentral_gyrus_left,precentral_gyrus_right,0.0031197938823446796,0.0022416736248612435,28.14673951547995,0.005689866029018293,15
paracentral_gyrus_left,precuneus_right,0.002208229187043371,0.0024574332281942822,-11.285243516076058,0.01151395399326447,9
paracentral_gyrus_left,rostral_anterior_cingulate_cortex_right,0.004111189719537336,0.004702394137767277,-14.380373044337968,0.023299518105153717,5
paracentral_gyrus_left,rostral_middle_frontal_gyrus_right,0.001349733590193914,0.006048154487317966,-348.09987180129656,1.0,0
paracentral_gyrus_left,superior_frontal_gyrus_right,0.0026614568118930254,0.00271103415932172,-1.862789852803643,1.0,0
paracentral_gyrus_left,superior_parietal_gyrus_right,0.0029918931848261386,0.0026013027753491393,13.054958360744315,1.0,0
paracentral_gyrus_left,superior_temporal_gyrus_right,0.003596747095928585,0.004060381855609157,-12.8903908813993,1.0,0
paracentral_gyrus_left,supramarginal_gyrus_right,0.003507048464429356,0.003644158702320193,-3.909562108465093,1.0,0
paracentral_gyrus_left,frontal_pole_right,0.004087458757140581,0.004718578541974687,-15.440395177849126,0.04714866363457394,0
paracentral_gyrus_left,temporal_pole_right,0.005642913838303637,0.006496312724379923,-15.123372614401525,0.009102981779915217,15
paracentral_gyrus_left,transverse_temporal_gyrus_right,0.0025548649719030012,0.0027148894438196263,-6.263519742784301,0.000868511373751352,18
paracentral_gyrus_left,insula_right,0.0017525703373586098,0.0017719796589883575,-1.1074774698629533,1.0,0
inferior_frontal_gyrus_pars_opercularis_left,inferior_frontal_gyrus_pars_orbitalis_left,0.005690216423965108,0.004916963696804065,13.589161985199475,1.0,0
inferior_frontal_gyrus_pars_opercularis_left,inferior_frontal_gyrus_pars_triangularis_left,0.00516671226860192,0.003037510697726684,41.209989257857096,0.0006866488450042998,18
inferior_frontal_gyrus_pars_opercularis_left,pericalcarine_cortex_left,0.0025409343822679377,0.003470195386826436,-36.57162542422983,1.0,0
inferior_frontal_gyrus_pars_opercularis_left,postcentral_gyrus_left,0.0013957845360912447,0.0023815470009182463,-70.62425749374836,0.0071968567300115215,14
inferior_frontal_gyrus_pars_opercularis_left,posterior_cingulate_gyrus_left,0.002416275202130156,0.001636857465026171,32.25699359149408,0.000868511373751352,17
inferior_frontal_gyrus_pars_opercularis_left,precentral_gyrus_left,0.002341014587982752,0.0022139806011462508,5.426450031051121,1.0,0
inferior_frontal_gyrus_pars_opercularis_left,precuneus_left,0.0038922722753918794,0.0028617725911640733,26.475529236300765,0.009102981779915217,13
inferior_frontal_gyrus_pars_opercularis_left,rostral_anterior_cingulate_cortex_left,0.0051242173925727654,0.003999375614618608,21.951484329773862,1.0,0
inferior_frontal_gyrus_pars_opercularis_left,rostral_middle_frontal_gyrus_left,0.0041497478344740945,0.003724216550195361,10.254388971388234,1.0,0
inferior_frontal_gyrus_pars_opercularis_left,superior_frontal_gyrus_left,0.0028316385338754187,0.0028556345178000447,-0.847423978645493,0.023299518105153717,4
inferior_frontal_gyrus_pars_opercularis_left,superior_parietal_gyrus_left,0.0046891053580793,0.005255967091026374,-12.088910136565271,1.0,0
inferior_frontal_gyrus_pars_opercularis_left,superior_temporal_gyrus_left,0.0035529677597734353,0.0032700471731024355,7.962937065577005,0.01151395399326447,9
inferior_frontal_gyrus_pars_opercularis_left,supramarginal_gyrus_left,0.005637042581246718,0.00456992480273988,18.93045445597519,1.0,0
inferior_frontal_gyrus_pars_opercularis_left,frontal_pole_left,0.003365452864272056,0.003369698065855999,-0.12614057469086823,0.0372759372031494,1
inferior_frontal_gyrus_pars_opercularis_left,temporal_pole_left,0.004735882532756454,0.00533929644168523,-12.741319168184011,0.0071968567300115215,15
inferior_frontal_gyrus_pars_opercularis_left,transverse_temporal_gyrus_left,0.0035922723172481623,0.0021685460020744625,39.63302860804095,1.0,0
inferior_frontal_gyrus_pars_opercularis_left,insula_left,0.002845902664469892,0.0029579536555569908,-3.9372741902250104,0.0372759372031494,0
inferior_frontal_gyrus_pars_opercularis_left,banks_superior_temporal_sulcus_right,0.004277655462517089,0.005269184177910839,-23.17925611545882,0.029470517025518096,6
inferior_frontal_gyrus_pars_opercularis_left,caudal_anterior_cingulate_cortex_right,0.008277999024586674,0.002372226220212835,71.34299951996816,0.002811768697974231,17
inferior_frontal_gyrus_pars_opercularis_left,caudal_middle_frontal_gyrus_right,0.003604518538425512,0.003302699120928885,8.373362885476093,0.04714866363457394,0
inferior_frontal_gyrus_pars_opercularis_left,cuneus_right,0.0036427429701725985,0.0037821268756615964,-3.8263447800269494,1.0,0
inferior_frontal_gyrus_pars_opercularis_left,entorhinal_cortex_right,0.0021012030942022244,0.0020295572281634282,3.409754451460979,1e-05,18
inferior_frontal_gyrus_pars_opercularis_left,fusiform_gyrus_right,0.004816974606911298,0.004712178264814445,2.1755635154583057,0.0372759372031494,2
inferior_frontal_gyrus_pars_opercularis_left,inferior_parietal_gyrus_right,0.0014069706617392506,0.0013898026179683088,1.2202133447274084,1.0,0
inferior_frontal_gyrus_pars_opercularis_left,inferior_temporal_gyrus_right,0.0036558543871169184,0.003109032483283862,14.957431175596996,1.0,0
inferior_frontal_gyrus_pars_opercularis_left,cingulate_gyrus_isthmus_right,0.002477990769922746,0.0030888540781491554,-24.65155704536598,1.0,0
inferior_frontal_gyrus_pars_opercularis_left,lateral_occipital_cortex_right,0.0027611799625714482,0.0035661418643148776,-29.15282280238553,0.029470517025518096,2
inferior_frontal_gyrus_pars_opercularis_left,lateral_orbitofrontal_cortex_right,0.005505545204793105,0.0052094411662165965,5.378287300569642,1.0,0
inferior_frontal_gyrus_pars_opercularis_left,lingual_gyrus_right,0.0014717812827151056,0.0015950618608452814,-8.376283866224393,1.0,0
inferior_frontal_gyrus_pars_opercularis_left,medial_orbitofrontal_gyrus_right,0.0020554156061162745,0.0020413061727500557,0.6864516024999281,1.0,0
inferior_frontal_gyrus_pars_opercularis_left,middle_temporal_gyrus_right,0.0036998808301225974,0.0038023219414958583,-2.7687678624467056,0.004498432668969444,16
inferior_frontal_gyrus_pars_opercularis_left,parahippocampal_gyrus_right,0.004605523317602532,0.004605523317602532,0.0,0.04714866363457394,0
inferior_frontal_gyrus_pars_opercularis_left,paracentral_gyrus_right,0.0014148898701937865,0.0016819937242307334,-18.87806674312848,1.0,0
inferior_frontal_gyrus_pars_opercularis_left,inferior_frontal_gyrus_pars_opercularis_right,0.002513486271813284,0.0036800056371288463,-46.41041323348904,0.023299518105153717,3
inferior_frontal_gyrus_pars_opercularis_left,inferior_frontal_gyrus_pars_orbitalis_right,0.004227660554971524,0.004542128591267683,-7.4383463905672285,1.0,0
inferior_frontal_gyrus_pars_opercularis_left,inferior_frontal_gyrus_pars_triangularis_right,0.0009538613691049531,0.0010042045542801449,-5.277830385607383,1.0,0
inferior_frontal_gyrus_pars_opercularis_left,pericalcarine_cortex_right,0.002270878626278784,0.0020166425385053557,11.195494326794424,0.023299518105153717,2
inferior_frontal_gyrus_pars_opercularis_left,postcentral_gyrus_right,0.0017194192197612155,0.0015298173032645879,11.027090677918482,1.0,0
inferior_frontal_gyrus_pars_opercularis_left,posterior_cingulate_gyrus_right,0.0016577925430982122,0.0017126923337616765,-3.3116200752636598,1.0,0
inferior_frontal_gyrus_pars_opercularis_left,precentral_gyrus_right,0.003092981415478156,0.003109186825132159,-0.5239413846105433,0.029470517025518096,2
inferior_frontal_gyrus_pars_opercularis_left,precuneus_right,0.0020677294679844506,0.0018531219671425426,10.378896473874786,0.029470517025518096,1
inferior_frontal_gyrus_pars_opercularis_left,rostral_anterior_cingulate_cortex_right,0.0021984546841011914,0.002096455170928704,4.639600438895944,1.0,0
inferior_frontal_gyrus_pars_opercularis_left,rostral_middle_frontal_gyrus_right,0.0017335251587290914,0.003302716236204329,-90.5202367311281,1.0,0
inferior_frontal_gyrus_pars_opercularis_left,superior_frontal_gyrus_right,0.002394103041348516,0.0025169876534990266,-5.132803811204964,1.0,0
inferior_frontal_gyrus_pars_opercularis_left,superior_parietal_gyrus_right,0.0016047454450868748,0.002770637600339834,-72.6527785962865,1.0,0
inferior_frontal_gyrus_pars_opercularis_left,superior_temporal_gyrus_right,0.0035437776733179722,0.0036373777667123705,-2.6412518510723113,1.0,0
inferior_frontal_gyrus_pars_opercularis_left,supramarginal_gyrus_right,0.003373873594220688,0.0032478822183434845,3.7343241339278963,0.002811768697974231,18
inferior_frontal_gyrus_pars_opercularis_left,frontal_pole_right,0.0030431674902260727,0.003166081622191106,-4.039019618861084,0.023299518105153717,4
inferior_frontal_gyrus_pars_opercularis_left,temporal_pole_right,0.0026891309575728674,0.0026891309575728674,0.0,1.0,0
inferior_frontal_gyrus_pars_opercularis_left,transverse_temporal_gyrus_right,0.003407409250095654,0.00363110702450024,-6.565039828964086,1.0,0
inferior_frontal_gyrus_pars_opercularis_left,insula_right,0.0028632153694496845,0.0023235852547615126,18.846996996662874,0.023299518105153717,5
inferior_frontal_gyrus_pars_orbitalis_left,inferior_frontal_gyrus_pars_triangularis_left,0.0030854040887672443,0.0038299044672609975,-24.129752767366497,0.023299518105153717,3
inferior_frontal_gyrus_pars_orbitalis_left,pericalcarine_cortex_left,0.003994177456899975,0.0029438797657760033,26.295719267795022,0.023299518105153717,5
inferior_frontal_gyrus_pars_orbitalis_left,postcentral_gyrus_left,0.003266185755845374,0.003937798847468563,-20.56261161574254,0.0372759372031494,1
inferior_frontal_gyrus_pars_orbitalis_left,posterior_cingulate_gyrus_left,0.003219373825516826,0.003120032192787519,3.085743940076892,0.029470517025518096,1
inferior_frontal_gyrus_pars_orbitalis_left,precentral_gyrus_left,0.001427870896892625,0.0016442210333129416,-15.151939639020878,0.018420699693267165,5
inferior_frontal_gyrus_pars_orbitalis_left,precuneus_left,0.0028059610316645196,0.0032818161105561566,-16.95872015048462,0.0372759372031494,1
inferior_frontal_gyrus_pars_orbitalis_left,rostral_anterior_cingulate_cortex_left,0.0036191056827870422,0.0037786255192898697,-4.40771423894929,0.023299518105153717,5
inferior_frontal_gyrus_pars_orbitalis_left,rostral_middle_frontal_gyrus_left,0.005058324297982199,0.004310337708104635,14.787240710840571,0.04714866363457394,1
inferior_frontal_gyrus_pars_orbitalis_left,superior_frontal_gyrus_left,0.0034587834382693154,0.004123649423737452,-19.222538714387348,0.04714866363457394,0
inferior_frontal_gyrus_pars_orbitalis_left,superior_parietal_gyrus_left,0.003081243772187156,0.00350225742253883,-13.66375663464064,0.04714866363457394,0
inferior_frontal_gyrus_pars_orbitalis_left,superior_temporal_gyrus_left,0.0036082920749807555,0.003917578751399934,-8.571553244365015,0.023299518105153717,5
inferior_frontal_gyrus_pars_orbitalis_left,supramarginal_gyrus_left,0.002864913929019951,0.0029802586737358973,-4.026115533439576,0.0372759372031494,0
inferior_frontal_gyrus_pars_orbitalis_left,frontal_pole_left,0.006628986787847146,0.006495029226422308,2.0207848606731384,0.023299518105153717,5
inferior_frontal_gyrus_pars_orbitalis_left,temporal_pole_left,0.004369491824474744,0.005599224688317028,-28.14361287860082,0.023299518105153717,5
inferior_frontal_gyrus_pars_orbitalis_left,transverse_temporal_gyrus_left,0.002186770202906149,0.0028170815448928777,-28.82384903311123,0.0372759372031494,0
inferior_frontal_gyrus_pars_orbitalis_left,insula_left,0.004872104777898054,0.005787651144978063,-18.791598473688794,1.0,0
inferior_frontal_gyrus_pars_orbitalis_left,banks_superior_temporal_sulcus_right,0.0048604937801336135,0.00450120286197017,7.3920662059476365,0.009102981779915217,17
inferior_frontal_gyrus_pars_orbitalis_left,caudal_anterior_cingulate_cortex_right,0.004234979659600335,0.004115033683294492,2.83226806140464,0.0372759372031494,1
inferior_frontal_gyrus_pars_orbitalis_left,caudal_middle_frontal_gyrus_right,0.0036899384931072775,0.003714659274384028,-0.6699510391007438,0.004498432668969444,15
inferior_frontal_gyrus_pars_orbitalis_left,cuneus_right,0.0014661402126948766,0.0015097356630645266,-2.973484390658535,0.0013894954943731374,15
inferior_frontal_gyrus_pars_orbitalis_left,entorhinal_cortex_right,0.0033343471035996433,0.0035883509819920377,-7.6177995421706655,1e-05,33
inferior_frontal_gyrus_pars_orbitalis_left,fusiform_gyrus_right,0.004071158087888005,0.00433969895984984,-6.596178929056169,1.0,0
inferior_frontal_gyrus_pars_orbitalis_left,inferior_parietal_gyrus_right,0.0025551712009513634,0.00226929916858646,11.187979586591494,1.0,0
inferior_frontal_gyrus_pars_orbitalis_left,inferior_temporal_gyrus_right,0.0027764453403330697,0.002642479198255123,4.82509560450687,1.0,0
inferior_frontal_gyrus_pars_orbitalis_left,cingulate_gyrus_isthmus_right,0.0016070511704967165,0.0015776572855755679,1.8290571862788572,1.0,0
inferior_frontal_gyrus_pars_orbitalis_left,lateral_occipital_cortex_right,0.0046409062125519806,0.004623764419976597,0.36936304657528846,0.0372759372031494,3
inferior_frontal_gyrus_pars_orbitalis_left,lateral_orbitofrontal_cortex_right,0.003411267549326956,0.00389046718739924,-14.04755361879576,1.0,0
inferior_frontal_gyrus_pars_orbitalis_left,lingual_gyrus_right,0.0016449299636334606,0.0020538437933121417,-24.859041948232107,1.0,0
inferior_frontal_gyrus_pars_orbitalis_left,medial_orbitofrontal_gyrus_right,0.0026720899574932187,0.0033172160984307505,-24.1431295802162,1.0,0
inferior_frontal_gyrus_pars_orbitalis_left,middle_temporal_gyrus_right,0.004083704831833586,0.004335985922855174,-6.1777503862421295,1.0,0
inferior_frontal_gyrus_pars_orbitalis_left,parahippocampal_gyrus_right,0.002848973874099097,0.0032777353999074283,-15.049682614022375,1.0,0
inferior_frontal_gyrus_pars_orbitalis_left,paracentral_gyrus_right,0.0016760000717242682,0.001774048788441542,-5.850161844945583,1.0,0
inferior_frontal_gyrus_pars_orbitalis_left,inferior_frontal_gyrus_pars_opercularis_right,0.0026767319406275553,0.0032798261496026788,-22.5309901160192,0.004498432668969444,14
inferior_frontal_gyrus_pars_orbitalis_left,inferior_frontal_gyrus_pars_orbitalis_right,0.0031011615728798146,0.0034374500544005074,-10.843952293927307,1.0,0
inferior_frontal_gyrus_pars_orbitalis_left,inferior_frontal_gyrus_pars_triangularis_right,0.004385646633945825,0.003421533466361675,21.983375498648513,1.0,0
inferior_frontal_gyrus_pars_orbitalis_left,pericalcarine_cortex_right,0.0026406673151191003,0.002029491512532927,23.144748264459345,0.000339322177189533,18
inferior_frontal_gyrus_pars_orbitalis_left,postcentral_gyrus_right,0.0016831726703101294,0.001811545218150605,-7.6268198803882985,1.0,0
inferior_frontal_gyrus_pars_orbitalis_left,posterior_cingulate_gyrus_right,0.0025142191744021336,0.002666896567407333,-6.072557021267061,0.023299518105153717,3
inferior_frontal_gyrus_pars_orbitalis_left,precentral_gyrus_right,0.003583171318428363,0.004180076336409846,-16.65856764681,0.04714866363457394,0
inferior_frontal_gyrus_pars_orbitalis_left,precuneus_right,0.0030007949177751035,0.004118844977708296,-37.2584628596397,1.0,0
inferior_frontal_gyrus_pars_orbitalis_left,rostral_anterior_cingulate_cortex_right,0.0026585386386872817,0.002750017140883245,-3.440931828665588,1.0,0
inferior_frontal_gyrus_pars_orbitalis_left,rostral_middle_frontal_gyrus_right,0.0025489230147425564,0.0029294143849785976,-14.92753480726334,0.0372759372031494,0
inferior_frontal_gyrus_pars_orbitalis_left,superior_frontal_gyrus_right,0.002576234455387646,0.002398241681327528,6.909028550871375,0.029470517025518096,2
inferior_frontal_gyrus_pars_orbitalis_left,superior_parietal_gyrus_right,0.0032923761006699026,0.0034070283220507783,-3.482354927723698,0.04714866363457394,0
inferior_frontal_gyrus_pars_orbitalis_left,superior_temporal_gyrus_right,0.0042856900613894916,0.004467647600652188,-4.245699914279439,0.05963623316594643,0
inferior_frontal_gyrus_pars_orbitalis_left,supramarginal_gyrus_right,0.0025092089150979815,0.003950012730708063,-57.42063990529939,0.0372759372031494,0
inferior_frontal_gyrus_pars_orbitalis_left,frontal_pole_right,0.005282385513822758,0.005856700229564689,-10.872260539089472,1.0,0
inferior_frontal_gyrus_pars_orbitalis_left,temporal_pole_right,0.004641504666119635,0.004743241203252608,-2.19188699465483,1.0,0
inferior_frontal_gyrus_pars_orbitalis_left,transverse_temporal_gyrus_right,0.002891441822880444,0.0031321854254429946,-8.326074578347303,1.0,0
inferior_frontal_gyrus_pars_orbitalis_left,insula_right,0.001367421982592945,0.0013627112526345495,0.3444971646179592,0.023299518105153717,1
inferior_frontal_gyrus_pars_triangularis_left,pericalcarine_cortex_left,0.0013810811620251736,0.001535337138747979,-11.16921879497721,1.0,0
inferior_frontal_gyrus_pars_triangularis_left,postcentral_gyrus_left,0.002393036197248734,0.002431835049678995,-1.6213232576618726,1.0,0
inferior_frontal_gyrus_pars_triangularis_left,posterior_cingulate_gyrus_left,0.002177615706540386,0.0018744174086485115,13.92340700800559,0.0010985411419875584,17
inferior_frontal_gyrus_pars_triangularis_left,precentral_gyrus_left,0.0030006383739451118,0.0035485939915056177,-18.26130140567646,1.0,0
inferior_frontal_gyrus_pars_triangularis_left,precuneus_left,0.002147755121389544,0.002448928937189025,-14.022725998885246,1.0,0
inferior_frontal_gyrus_pars_triangularis_left,rostral_anterior_cingulate_cortex_left,0.002053593789153843,0.0013637245024997495,33.59326904364788,0.014563484775012436,2
inferior_frontal_gyrus_pars_triangularis_left,rostral_middle_frontal_gyrus_left,0.005440855285089277,0.004868120168028458,10.526564061176295,0.0022229964825261957,17
inferior_frontal_gyrus_pars_triangularis_left,superior_frontal_gyrus_left,0.004510402485808535,0.005889381307431011,-30.573298634906198,0.04714866363457394,0
inferior_frontal_gyrus_pars_triangularis_left,superior_parietal_gyrus_left,0.0039033015846174665,0.0039400528512990056,-0.9415430984470236,0.023299518105153717,5
inferior_frontal_gyrus_pars_triangularis_left,superior_temporal_gyrus_left,0.0024801235914868242,0.0028193890202571916,-13.679375896222135,0.0372759372031494,0
inferior_frontal_gyrus_pars_triangularis_left,supramarginal_gyrus_left,0.002070119971311856,0.0018348693244558513,11.364106917287698,0.018420699693267165,7
inferior_frontal_gyrus_pars_triangularis_left,frontal_pole_left,0.0025313293634747188,0.002569132467437732,-1.4934091354718717,0.014563484775012436,5
inferior_frontal_gyrus_pars_triangularis_left,temporal_pole_left,0.001474072756341388,0.0014943450589216198,-1.3752579371012223,1.0,0
inferior_frontal_gyrus_pars_triangularis_left,transverse_temporal_gyrus_left,0.003455576061743516,0.003472087044904689,-0.47780696665789657,1.0,0
inferior_frontal_gyrus_pars_triangularis_left,insula_left,0.00471895546238846,0.004718781855367391,0.003678929001415876,1e-05,18
inferior_frontal_gyrus_pars_triangularis_left,banks_superior_temporal_sulcus_right,0.0027426838797892767,0.0030829021414287804,-12.404574371350554,0.0372759372031494,0
inferior_frontal_gyrus_pars_triangularis_left,caudal_anterior_cingulate_cortex_right,0.0029921384257878174,0.0031312394361156038,-4.6488828567870035,1.0,0
inferior_frontal_gyrus_pars_triangularis_left,caudal_middle_frontal_gyrus_right,0.0039948320567953985,0.003007608850801352,24.71250835976279,1.0,0
inferior_frontal_gyrus_pars_triangularis_left,cuneus_right,0.002111898433866894,0.0024198149608791034,-14.580082170353867,0.029470517025518096,2
inferior_frontal_gyrus_pars_triangularis_left,entorhinal_cortex_right,0.003397517178839031,0.004001055099488201,-17.764087387349313,0.0035564803062231283,16
inferior_frontal_gyrus_pars_triangularis_left,fusiform_gyrus_right,0.003891361370269384,0.004213477819300558,-8.277731579806355,1.0,0
inferior_frontal_gyrus_pars_triangularis_left,inferior_parietal_gyrus_right,0.0014258569317360465,0.0013544533900070454,5.0077634115832375,0.01151395399326447,6
inferior_frontal_gyrus_pars_triangularis_left,inferior_temporal_gyrus_right,0.0019659299502958628,0.0025925651077435075,-31.874744944668006,0.018420699693267165,8
inferior_frontal_gyrus_pars_triangularis_left,cingulate_gyrus_isthmus_right,0.0033503097106411424,0.0040465904238355475,-20.782577532545766,1.0,0
inferior_frontal_gyrus_pars_triangularis_left,lateral_occipital_cortex_right,0.002455912587861024,0.0032315423899649753,-31.582142049261037,1.0,0
inferior_frontal_gyrus_pars_triangularis_left,lateral_orbitofrontal_cortex_right,0.00347768262859315,0.0036640917733902906,-5.360154007858675,0.0372759372031494,1
inferior_frontal_gyrus_pars_triangularis_left,lingual_gyrus_right,0.0019788526987309482,0.0021814592562364628,-10.238587118457454,0.009102981779915217,12
inferior_frontal_gyrus_pars_triangularis_left,medial_orbitofrontal_gyrus_right,0.002467742401319901,0.002528604869484026,-2.466321773762598,1.0,0
inferior_frontal_gyrus_pars_triangularis_left,middle_temporal_gyrus_right,0.0030006529261129376,0.0029443946680753953,1.874867217996436,0.029470517025518096,1
inferior_frontal_gyrus_pars_triangularis_left,parahippocampal_gyrus_right,0.0024952339442599284,0.003034589889564063,-21.615445980320867,1.0,0
inferior_frontal_gyrus_pars_triangularis_left,paracentral_gyrus_right,0.0038992376530436234,0.004088413246051098,-4.851604591472128,1.0,0
inferior_frontal_gyrus_pars_triangularis_left,inferior_frontal_gyrus_pars_opercularis_right,0.004073526661867555,0.0033735779525677547,17.182868001136406,0.0372759372031494,2
inferior_frontal_gyrus_pars_triangularis_left,inferior_frontal_gyrus_pars_orbitalis_right,0.0024953196306997352,0.002851263949806921,-14.264477974205347,1.0,0
inferior_frontal_gyrus_pars_triangularis_left,inferior_frontal_gyrus_pars_triangularis_right,0.002216042463791219,0.0025618847374035045,-15.606301741195717,1.0,0
inferior_frontal_gyrus_pars_triangularis_left,pericalcarine_cortex_right,0.001307572405345663,0.0014402891855669938,-10.149860893267057,1.0,0
inferior_frontal_gyrus_pars_triangularis_left,postcentral_gyrus_right,0.003635589163083792,0.003707589599296125,-1.98043378892847,0.029470517025518096,5
inferior_frontal_gyrus_pars_triangularis_left,posterior_cingulate_gyrus_right,0.0025128617900596253,0.0025672661270250935,-2.165034988421599,0.0372759372031494,0
inferior_frontal_gyrus_pars_triangularis_left,precentral_gyrus_right,0.0031164746974223475,0.004788780940465943,-53.66018997127648,1.0,0
inferior_frontal_gyrus_pars_triangularis_left,precuneus_right,0.002622724558953833,0.0028459257143354064,-8.510278161676455,0.023299518105153717,5
inferior_frontal_gyrus_pars_triangularis_left,rostral_anterior_cingulate_cortex_right,0.00398743995462001,0.004188981428056946,-5.054407733548984,1.0,0
inferior_frontal_gyrus_pars_triangularis_left,rostral_middle_frontal_gyrus_right,0.002121849667951431,0.0018874080151798616,11.048928503870602,0.01151395399326447,9
inferior_frontal_gyrus_pars_triangularis_left,superior_frontal_gyrus_right,0.0034971006647913534,0.003689021466119057,-5.487997622143208,1.0,0
inferior_frontal_gyrus_pars_triangularis_left,superior_parietal_gyrus_right,0.003986374523614461,0.0043177928333719895,-8.313777538820673,0.04714866363457394,0
inferior_frontal_gyrus_pars_triangularis_left,superior_temporal_gyrus_right,0.00402564169836344,0.0042826391383082515,-6.3840117725651,1e-05,30
inferior_frontal_gyrus_pars_triangularis_left,supramarginal_gyrus_right,0.004239960551889547,0.0036106203405700263,14.843067609179855,0.014563484775012436,14
inferior_frontal_gyrus_pars_triangularis_left,frontal_pole_right,0.0021780720545857466,0.0024359650668040835,-11.840426108739837,1.0,0
inferior_frontal_gyrus_pars_triangularis_left,temporal_pole_right,0.003442185765396516,0.003558791832610492,-3.3875588117930495,1.0,0
inferior_frontal_gyrus_pars_triangularis_left,transverse_temporal_gyrus_right,0.004153047126336957,0.0034752372669061733,16.32078420522575,0.014563484775012436,9
inferior_frontal_gyrus_pars_triangularis_left,insula_right,0.002525280470067422,0.0023929035595899773,5.242067645417241,1.0,0
pericalcarine_cortex_left,postcentral_gyrus_left,0.0027353295185318575,0.002181425900498932,20.24997771859766,0.023299518105153717,1
pericalcarine_cortex_left,posterior_cingulate_gyrus_left,0.0010893113883020992,0.0014992409894860534,-37.63199444953093,0.023299518105153717,0
pericalcarine_cortex_left,precentral_gyrus_left,0.0020839405465825646,0.002845230639458704,-36.531276965869885,1.0,0
pericalcarine_cortex_left,precuneus_left,0.004730204789251561,0.004292322699466682,9.257148671023248,1.0,0
pericalcarine_cortex_left,rostral_anterior_cingulate_cortex_left,0.003691098216944303,0.004412056314609898,-19.532346615865574,0.023299518105153717,6
pericalcarine_cortex_left,rostral_middle_frontal_gyrus_left,0.0034460925789232383,0.0034460925789232383,0.0,0.0372759372031494,0
pericalcarine_cortex_left,superior_frontal_gyrus_left,0.0035783801519839323,0.0037516705019308275,-4.842703753842902,1.0,0
pericalcarine_cortex_left,superior_parietal_gyrus_left,0.0025417377259830186,0.0024441698186445844,3.838630018394198,1.0,0
pericalcarine_cortex_left,superior_temporal_gyrus_left,0.0032646745649761084,0.0035661817405385036,-9.235443520068033,1.0,0
pericalcarine_cortex_left,supramarginal_gyrus_left,0.002094457052712986,0.0017924372776658992,14.4199555037844,0.014563484775012436,10
pericalcarine_cortex_left,frontal_pole_left,0.0017593246160558338,0.002142783410774525,-21.79579545577858,1.0,0
pericalcarine_cortex_left,temporal_pole_left,0.0022021403153010717,0.00264451443992118,-20.088371369724815,0.01151395399326447,9
pericalcarine_cortex_left,transverse_temporal_gyrus_left,0.00341568503206709,0.003578853137200529,-4.777024333379282,0.018420699693267165,5
pericalcarine_cortex_left,insula_left,0.0013731024576024932,0.0013898352960035497,-1.2186154287621664,1.0,0
pericalcarine_cortex_left,banks_superior_temporal_sulcus_right,0.003921856916901214,0.005124312024883561,-30.660351294316097,1.0,0
pericalcarine_cortex_left,caudal_anterior_cingulate_cortex_right,0.003826154445752149,0.0039028865720399457,-2.0054633804180497,1.0,0
pericalcarine_cortex_left,caudal_middle_frontal_gyrus_right,0.0029319014709229107,0.0030604582610654946,-4.384758199330501,0.0372759372031494,1
pericalcarine_cortex_left,cuneus_right,0.005727849652520114,0.005397011492197727,5.775957477808897,0.002811768697974231,17
pericalcarine_cortex_left,entorhinal_cortex_right,0.0021425463234286423,0.002260313589399525,-5.496603022445928,1.0,0
pericalcarine_cortex_left,fusiform_gyrus_right,0.0024213437121991402,0.0024213437121991402,0.0,1.0,0
pericalcarine_cortex_left,inferior_parietal_gyrus_right,0.0016544465135544639,0.0017631124731793343,-6.568115604499606,0.029470517025518096,0
pericalcarine_cortex_left,inferior_temporal_gyrus_right,0.002932658494021099,0.002932658494021099,0.0,1.0,0
pericalcarine_cortex_left,cingulate_gyrus_isthmus_right,0.0029535090193090544,0.004176449662790689,-41.40636224526344,1.0,0
pericalcarine_cortex_left,lateral_occipital_cortex_right,0.002918590717457783,0.003044278761038551,-4.306463486947826,0.029470517025518096,1
pericalcarine_cortex_left,lateral_orbitofrontal_cortex_right,0.0036395141980083445,0.004230839123042797,-16.247358654571105,1.0,0
pericalcarine_cortex_left,lingual_gyrus_right,0.005767882379200719,0.00580008701288304,-0.5583441472116818,1.0,0
pericalcarine_cortex_left,medial_orbitofrontal_gyrus_right,0.0037584420770162843,0.0041120672436707716,-9.408823108302892,1.0,0
pericalcarine_cortex_left,middle_temporal_gyrus_right,0.002867540966839117,0.0030636329507864,-6.838332432384899,1e-05,18
pericalcarine_cortex_left,parahippocampal_gyrus_right,0.0041077456713602516,0.004430614721828117,-7.860005859636125,1.0,0
pericalcarine_cortex_left,paracentral_gyrus_right,0.0012937346446469896,0.0036084136942264567,-178.91451381910346,1.0,0
pericalcarine_cortex_left,inferior_frontal_gyrus_pars_opercularis_right,0.002867800419114428,0.0033549046719472076,-16.985291221318562,0.023299518105153717,5
pericalcarine_cortex_left,inferior_frontal_gyrus_pars_orbitalis_right,0.001544719997235548,0.0015418804954272169,0.1838198387677217,1.0,0
pericalcarine_cortex_left,inferior_frontal_gyrus_pars_triangularis_right,0.0015687456540538509,0.0016742566867426936,-6.7258215132700405,0.018420699693267165,3
pericalcarine_cortex_left,pericalcarine_cortex_right,0.011331298454328542,0.010777041661268883,4.891379353333807,1.0,0
pericalcarine_cortex_left,postcentral_gyrus_right,0.0026517335769416987,0.002543850899702038,4.068382969456688,1e-05,18
pericalcarine_cortex_left,posterior_cingulate_gyrus_right,0.00274646928067961,0.0031742909659310038,-15.577151663809255,1.0,0
pericalcarine_cortex_left,precentral_gyrus_right,0.004252258546158065,0.004287904335221224,-0.8382789681348399,1.0,0
pericalcarine_cortex_left,precuneus_right,0.0017204292213242132,0.0017416754070654831,-1.2349351823329753,0.005689866029018293,16
pericalcarine_cortex_left,rostral_anterior_cingulate_cortex_right,0.0038680485100110375,0.0034459580717837476,10.912232282890514,1.0,0
pericalcarine_cortex_left,rostral_middle_frontal_gyrus_right,0.0019874307698605495,0.0019595494601215868,1.4028820606877843,1.0,0
pericalcarine_cortex_left,superior_frontal_gyrus_right,0.0024499265904403713,0.003314190749014894,-35.27714511720011,1.0,0
pericalcarine_cortex_left,superior_parietal_gyrus_right,0.0014879218344880684,0.001484614409789054,0.22228484200934656,0.005689866029018293,14
pericalcarine_cortex_left,superior_temporal_gyrus_right,0.006042440496346785,0.005657466644649472,6.371164961079319,0.04714866363457394,1
pericalcarine_cortex_left,supramarginal_gyrus_right,0.0026177154731798413,0.0027527533337512234,-5.15861490505484,1.0,0
pericalcarine_cortex_left,frontal_pole_right,0.002983708811773269,0.0031984052972854004,-7.195624608707492,1.0,0
pericalcarine_cortex_left,temporal_pole_right,0.005120464992729028,0.0057772584807852375,-12.826832894841477,0.023299518105153717,8
pericalcarine_cortex_left,transverse_temporal_gyrus_right,0.004516046684025547,0.004797342113800735,-6.228798093921483,1.0,0
pericalcarine_cortex_left,insula_right,0.0041162379954351284,0.0041517209009785195,-0.86202269117435,1.0,0
postcentral_gyrus_left,posterior_cingulate_gyrus_left,0.0010576107607704064,0.0012365924534344568,-16.923210249267218,1.0,0
postcentral_gyrus_left,precentral_gyrus_left,0.002510687794649196,0.0029920163382592072,-19.17118267893856,0.0372759372031494,0
postcentral_gyrus_left,precuneus_left,0.0019066904104143199,0.0017464171239286608,8.405836920889111,0.002811768697974231,14
postcentral_gyrus_left,rostral_anterior_cingulate_cortex_left,0.004188765917320058,0.004014942770567282,4.14974601550393,1.0,0
postcentral_gyrus_left,rostral_middle_frontal_gyrus_left,0.0021087919046086337,0.0026750635049732556,-26.85289141745425,1.0,0
postcentral_gyrus_left,superior_frontal_gyrus_left,0.002864346554969054,0.0029697798006811764,-3.6808830107941124,1.0,0
postcentral_gyrus_left,superior_parietal_gyrus_left,0.0024591186900075226,0.004346070832662449,-76.73286166798049,0.023299518105153717,6
postcentral_gyrus_left,superior_temporal_gyrus_left,0.0035074815503113085,0.003203521827433929,8.666039108613452,0.0372759372031494,1
postcentral_gyrus_left,supramarginal_gyrus_left,0.003781337467785871,0.010158198371775236,-168.64035432741423,0.04714866363457394,0
postcentral_gyrus_left,frontal_pole_left,0.0026474713325091537,0.002963331580621201,-11.93063903028892,0.029470517025518096,4
postcentral_gyrus_left,temporal_pole_left,0.002902016780844969,0.0028826432764973383,0.6675876058163123,0.029470517025518096,3
postcentral_gyrus_left,transverse_temporal_gyrus_left,0.002874418419844355,0.0027324595231305896,4.938699798669267,1.0,0
postcentral_gyrus_left,insula_left,0.0024073162735255846,0.0022066702369216784,8.334843194909917,0.029470517025518096,2
postcentral_gyrus_left,banks_superior_temporal_sulcus_right,0.0017670526615553115,0.0006324224568312665,64.21032204696007,0.014563484775012436,6
postcentral_gyrus_left,caudal_anterior_cingulate_cortex_right,0.005624578095234899,0.005270738398875759,6.290955345769132,1.0,0
postcentral_gyrus_left,caudal_middle_frontal_gyrus_right,0.0037474466909407497,0.003974680434959186,-6.063695170574725,1.0,0
postcentral_gyrus_left,cuneus_right,0.0028607272912507353,0.0026298416444371932,8.070872309978098,0.029470517025518096,1
postcentral_gyrus_left,entorhinal_cortex_right,0.0021966425937119055,0.002009320007703127,8.527677035172083,0.018420699693267165,5
postcentral_gyrus_left,fusiform_gyrus_right,0.0023473635471300213,0.002365280480828924,-0.7632790293948557,1.0,0
postcentral_gyrus_left,inferior_parietal_gyrus_right,0.005730916519377735,0.004066030277026804,29.05095959296411,0.04714866363457394,0
postcentral_gyrus_left,inferior_temporal_gyrus_right,0.0021503218497380887,0.0021243365689857436,1.208436809378563,0.029470517025518096,2
postcentral_gyrus_left,cingulate_gyrus_isthmus_right,0.0014477352719864268,0.0019490520844646368,-34.627657568248445,0.029470517025518096,0
postcentral_gyrus_left,lateral_occipital_cortex_right,0.006960341087057853,0.009402764803329581,-35.09057509858535,1.0,0
postcentral_gyrus_left,lateral_orbitofrontal_cortex_right,0.002832163274840275,0.002820105316151341,0.4257508313892686,1.0,0
postcentral_gyrus_left,lingual_gyrus_right,0.0019705502381355375,0.0027526299958077474,-39.68839477100493,1.0,0
postcentral_gyrus_left,medial_orbitofrontal_gyrus_right,0.0026495829582328617,0.0024897498049498796,6.032389089246813,1.0,0
postcentral_gyrus_left,middle_temporal_gyrus_right,0.002276468129302926,0.0023589127996338872,-3.6216044173746758,1.0,0
postcentral_gyrus_left,parahippocampal_gyrus_right,0.0023063634391614594,0.002750968908742765,-19.27733773576266,0.01151395399326447,10
postcentral_gyrus_left,paracentral_gyrus_right,0.0026898258541125223,0.003196036441424461,-18.819455785138818,1.0,0
postcentral_gyrus_left,inferior_frontal_gyrus_pars_opercularis_right,0.0023055087300306782,0.0045449960903327724,-97.13636435773958,0.0372759372031494,0
postcentral_gyrus_left,inferior_frontal_gyrus_pars_orbitalis_right,0.0013562715936250255,0.0012958214351089564,4.4570835812094725,1.0,0
postcentral_gyrus_left,inferior_frontal_gyrus_pars_triangularis_right,0.003423982849860784,0.00278003829866069,18.806885999042795,1.0,0
postcentral_gyrus_left,pericalcarine_cortex_right,0.002328167261028335,0.002524597929462076,-8.437137302024368,0.029470517025518096,1
postcentral_gyrus_left,postcentral_gyrus_right,0.007656807853617626,0.00710629081233233,7.18990278729787,1.0,0
postcentral_gyrus_left,posterior_cingulate_gyrus_right,0.0015988529652411793,0.0014504766226874901,9.280174336187775,0.029470517025518096,0
postcentral_gyrus_left,precentral_gyrus_right,0.003771520417876296,0.0034643747474810372,8.143815659579786,0.023299518105153717,6
postcentral_gyrus_left,precuneus_right,0.0014955668115337083,0.0014955668115337083,0.0,1.0,0
postcentral_gyrus_left,rostral_anterior_cingulate_cortex_right,0.0032716762561750532,0.0030545597575776366,6.636246425288104,1.0,0
postcentral_gyrus_left,rostral_middle_frontal_gyrus_right,0.002271529339092069,0.002310445411493453,-1.7132102029964822,0.004498432668969444,13
postcentral_gyrus_left,superior_frontal_gyrus_right,0.003254442840663881,0.003451349654897204,-6.050400141400406,1.0,0
postcentral_gyrus_left,superior_parietal_gyrus_right,0.003156460017810278,0.003466052787869863,-9.808227201127611,0.004498432668969444,19
postcentral_gyrus_left,superior_temporal_gyrus_right,0.002873627184615675,0.0035160994543785777,-22.35753730346299,1e-05,18
postcentral_gyrus_left,supramarginal_gyrus_right,0.003060363365220568,0.004022337286489866,-31.433323643905453,0.0372759372031494,1
postcentral_gyrus_left,frontal_pole_right,0.0017544323828374987,0.001834753361749276,-4.578174667630779,0.01151395399326447,11
postcentral_gyrus_left,temporal_pole_right,0.0035902467770325395,0.0038175343531351327,-6.330695080811523,1.0,0
postcentral_gyrus_left,transverse_temporal_gyrus_right,0.002833469236296329,0.0033427029245337698,-17.9720916576129,1.0,0
postcentral_gyrus_left,insula_right,0.00333438187362442,0.0030202531606747414,9.420897931172648,0.023299518105153717,4
posterior_cingulate_gyrus_left,precentral_gyrus_left,0.0034381234256254975,0.003276331380585307,4.705824224758758,1.0,0
posterior_cingulate_gyrus_left,precuneus_left,0.005450496883428603,0.005674047798241824,-4.101477711011877,0.014563484775012436,14
posterior_cingulate_gyrus_left,rostral_anterior_cingulate_cortex_left,0.00325532746935915,0.0032627185268820614,-0.22704497757843656,1.0,0
posterior_cingulate_gyrus_left,rostral_middle_frontal_gyrus_left,0.0024759498004569237,0.002800898579660777,-13.124207087877371,0.023299518105153717,5
posterior_cingulate_gyrus_left,superior_frontal_gyrus_left,0.0032962999519801223,0.003117144200595506,5.435056093029262,1e-05,18
posterior_cingulate_gyrus_left,superior_parietal_gyrus_left,0.004100233583421988,0.004788858688539182,-16.794777446373658,1.0,0
posterior_cingulate_gyrus_left,superior_temporal_gyrus_left,0.0041828497478254715,0.003932793528465927,5.978130567313368,0.023299518105153717,6
posterior_cingulate_gyrus_left,supramarginal_gyrus_left,0.0024847073731918416,0.002304603552104701,7.2484922381737125,1.0,0
posterior_cingulate_gyrus_left,frontal_pole_left,0.0026478209779121457,0.0026953978076153747,-1.7968295477719258,1.0,0
posterior_cingulate_gyrus_left,temporal_pole_left,0.0027131641109871037,0.0027385243888463826,-0.9347122703186682,0.029470517025518096,1
posterior_cingulate_gyrus_left,transverse_temporal_gyrus_left,0.0030058385376297513,0.0029901607704941155,0.5215771552386333,0.029470517025518096,4
posterior_cingulate_gyrus_left,insula_left,0.015071441751474714,0.0075492697904326125,49.91010206642022,1.0,0
posterior_cingulate_gyrus_left,banks_superior_temporal_sulcus_right,0.004261936666763582,0.005007526538551764,-17.4941565322313,1.0,0
posterior_cingulate_gyrus_left,caudal_anterior_cingulate_cortex_right,0.0028794731828906796,0.0035852239917953375,-24.509719802153544,1.0,0
posterior_cingulate_gyrus_left,caudal_middle_frontal_gyrus_right,0.0015968869359370243,0.0014970075656071673,6.25463006065922,0.018420699693267165,3
posterior_cingulate_gyrus_left,cuneus_right,0.0038133730700985577,0.0040419801067893306,-5.994877303858036,1.0,0
posterior_cingulate_gyrus_left,entorhinal_cortex_right,0.00258145093757592,0.002514217259365115,2.604491808546246,0.0372759372031494,0
posterior_cingulate_gyrus_left,fusiform_gyrus_right,0.002384828860666295,0.0032273101898691423,-35.326699667978154,1.0,0
posterior_cingulate_gyrus_left,inferior_parietal_gyrus_right,0.002526866590932043,0.002537965091289047,-0.4392198779639791,1.0,0
posterior_cingulate_gyrus_left,inferior_temporal_gyrus_right,0.0027611736490586866,0.002427016037231283,12.102013647034534,1.0,0
posterior_cingulate_gyrus_left,cingulate_gyrus_isthmus_right,0.004436161177560701,0.003984860038418452,10.17323584690861,0.04714866363457394,0
posterior_cingulate_gyrus_left,lateral_occipital_cortex_right,0.0027079900900156533,0.0026693312320752137,1.427584911886297,0.0372759372031494,0
posterior_cingulate_gyrus_left,lateral_orbitofrontal_cortex_right,0.003011718998226753,0.0024473756676685757,18.73824652600235,1e-05,18
posterior_cingulate_gyrus_left,lingual_gyrus_right,0.0022201907187439636,0.002387387196189627,-7.530725898190046,0.014563484775012436,6
posterior_cingulate_gyrus_left,medial_orbitofrontal_gyrus_right,0.0019497042621522184,0.0025024541367441025,-28.35044705609458,1.0,0
posterior_cingulate_gyrus_left,middle_temporal_gyrus_right,0.005138424194725543,0.0056670129384087725,-10.28698144901723,1.0,0
posterior_cingulate_gyrus_left,parahippocampal_gyrus_right,0.0021159849804714866,0.0021658683280703626,-2.3574528202823517,1.0,0
posterior_cingulate_gyrus_left,paracentral_gyrus_right,0.004487394089810977,0.004545751680622373,-1.3004783988975377,1.0,0
posterior_cingulate_gyrus_left,inferior_frontal_gyrus_pars_opercularis_right,0.003724970149421208,0.0036165605871842773,2.9103471407354857,1.0,0
posterior_cingulate_gyrus_left,inferior_frontal_gyrus_pars_orbitalis_right,0.00822683048654455,0.005635202193378647,31.50214772754415,1.0,0
posterior_cingulate_gyrus_left,inferior_frontal_gyrus_pars_triangularis_right,0.004491929384546208,0.00416047043899598,7.378988340523822,1.0,0
posterior_cingulate_gyrus_left,pericalcarine_cortex_right,0.00287825311065135,0.00306659375031629,-6.543574606693235,1.0,0
posterior_cingulate_gyrus_left,postcentral_gyrus_right,0.003099538224200953,0.0033987124189100906,-9.652218268295858,1.0,0
posterior_cingulate_gyrus_left,posterior_cingulate_gyrus_right,0.011581956143427724,0.010894384118634826,5.9365794195574315,0.018420699693267165,14
posterior_cingulate_gyrus_left,precentral_gyrus_right,0.0032086473834252362,0.0031375737264014575,2.2150659929452114,0.029470517025518096,2
posterior_cingulate_gyrus_left,precuneus_right,0.0033130532307130804,0.003342499977337508,-0.8888099458060784,1.0,0
posterior_cingulate_gyrus_left,rostral_anterior_cingulate_cortex_right,0.005655126397292502,0.006574117451242491,-16.250583795792323,1.0,0
posterior_cingulate_gyrus_left,rostral_middle_frontal_gyrus_right,0.004312416238589934,0.005004179829088452,-16.04120641945986,0.04714866363457394,0
posterior_cingulate_gyrus_left,superior_frontal_gyrus_right,0.00355461554811927,0.004218727362231484,-18.683084151353356,0.0372759372031494,2
posterior_cingulate_gyrus_left,superior_parietal_gyrus_right,0.0034880036272016005,0.00330920339074686,5.1261482373569285,0.029470517025518096,3
posterior_cingulate_gyrus_left,superior_temporal_gyrus_right,0.0021370589693369565,0.001824078985379049,14.645360209924979,1e-05,18
posterior_cingulate_gyrus_left,supramarginal_gyrus_right,0.00325222353395751,0.004340852517480937,-33.473375128022475,1.0,0
posterior_cingulate_gyrus_left,frontal_pole_right,0.0031816847000035718,0.0033719557703034433,-5.980198801586402,1.0,0
posterior_cingulate_gyrus_left,temporal_pole_right,0.0025414973497969993,0.0025877950293514036,-1.8216694012331878,0.029470517025518096,1
posterior_cingulate_gyrus_left,transverse_temporal_gyrus_right,0.004173542887472365,0.0046384111847903925,-11.138457417399794,1.0,0
posterior_cingulate_gyrus_left,insula_right,0.0018422829339930368,0.0018144051251796002,1.5132208141891135,1.0,0
precentral_gyrus_left,precuneus_left,0.002226634481256333,0.0014574537842633583,34.54454260310296,1.0,0
precentral_gyrus_left,rostral_anterior_cingulate_cortex_left,0.0037473847446767585,0.003061447728143134,18.304419302235058,0.018420699693267165,7
precentral_gyrus_left,rostral_middle_frontal_gyrus_left,0.002232743051977771,0.0022959050104665465,-2.8288950863748608,1.0,0
precentral_gyrus_left,superior_frontal_gyrus_left,0.0027436314404077513,0.002982512870807806,-8.706760933041096,1e-05,18
precentral_gyrus_left,superior_parietal_gyrus_left,0.003641762347764005,0.0037183415944926656,-2.1028073612678053,0.023299518105153717,4
precentral_gyrus_left,superior_temporal_gyrus_left,0.002493984749831822,0.001987362860602613,20.31375249040205,0.029470517025518096,0
precentral_gyrus_left,supramarginal_gyrus_left,0.004580806798160009,0.003938172293601261,14.02884978290021,1.0,0
precentral_gyrus_left,frontal_pole_left,0.0029112428746309155,0.00289346406116597,0.6106949584960182,1.0,0
precentral_gyrus_left,temporal_pole_left,0.00255424809296919,0.00255424809296919,0.0,1.0,0
precentral_gyrus_left,transverse_temporal_gyrus_left,0.00242065760343474,0.002067750012350907,14.578996657068831,1e-05,18
precentral_gyrus_left,insula_left,0.0018670892561272175,0.0016937174844565443,9.285671325123847,0.000868511373751352,17
precentral_gyrus_left,banks_superior_temporal_sulcus_right,0.0022345701649489676,0.002551618362072799,-14.188330359770651,0.029470517025518096,2
precentral_gyrus_left,caudal_anterior_cingulate_cortex_right,0.002133054145971234,0.0019838996154196605,6.992533726032519,0.018420699693267165,5
precentral_gyrus_left,caudal_middle_frontal_gyrus_right,0.003674605885812628,0.003725911192374669,-1.3962124961516704,1.0,0
precentral_gyrus_left,cuneus_right,0.0032854094174640056,0.0022319454633259682,32.06492160575841,1e-05,18
precentral_gyrus_left,entorhinal_cortex_right,0.0012894658663790547,0.0012667088593024923,1.7648398201083288,0.01151395399326447,11
precentral_gyrus_left,fusiform_gyrus_right,0.0029770783764826734,0.0027568574451002806,7.397216449590993,0.0372759372031494,0
precentral_gyrus_left,inferior_parietal_gyrus_right,0.001804014664428,0.0047679493268216215,-164.29659474710522,1.0,0
precentral_gyrus_left,inferior_temporal_gyrus_right,0.0019831474913794395,0.001914401921705313,3.4664879930997157,0.023299518105153717,2
precentral_gyrus_left,cingulate_gyrus_isthmus_right,0.0019714332833709455,0.00171352010563692,13.082521225015578,1.0,0
precentral_gyrus_left,lateral_occipital_cortex_right,0.002123850264752772,0.0018633692604024619,12.264565382655702,0.002811768697974231,14
precentral_gyrus_left,lateral_orbitofrontal_cortex_right,0.0018934685295971382,0.0022702193002408456,-19.897387506295992,1.0,0
precentral_gyrus_left,lingual_gyrus_right,0.0021950794892053836,0.002131142138584754,2.912757872097608,1.0,0
precentral_gyrus_left,medial_orbitofrontal_gyrus_right,0.0023666929714641917,0.0025233917854127833,-6.621003055231424,1.0,0
precentral_gyrus_left,middle_temporal_gyrus_right,0.0040382413444446826,0.003940467840671034,2.421190202218925,1.0,0
precentral_gyrus_left,parahippocampal_gyrus_right,0.003607734913801079,0.004259386906038218,-18.062635082868763,1.0,0
precentral_gyrus_left,paracentral_gyrus_right,0.004170958237388909,0.0038852750046604934,6.849342919991877,1.0,0
precentral_gyrus_left,inferior_frontal_gyrus_pars_opercularis_right,0.004158388154794839,0.0054424379518822905,-30.87854594831112,0.029470517025518096,5
precentral_gyrus_left,inferior_frontal_gyrus_pars_orbitalis_right,0.002310058177996723,0.001892966493764631,18.05546233445051,0.004498432668969444,16
precentral_gyrus_left,inferior_frontal_gyrus_pars_triangularis_right,0.003905959179678231,0.0035220222210760824,9.829517947849547,0.0006866488450042998,18
precentral_gyrus_left,pericalcarine_cortex_right,0.0036249342701254635,0.002948653979137972,18.65634631118662,0.0372759372031494,2
precentral_gyrus_left,postcentral_gyrus_right,0.0030000374683714207,0.003032020582305028,-1.0660904828955093,1.0,0
precentral_gyrus_left,posterior_cingulate_gyrus_right,0.004429885854603802,0.004183681735170138,5.557798270982404,1.0,0
precentral_gyrus_left,precentral_gyrus_right,0.006422420212207626,0.0037533583120887954,41.55850616945811,0.002811768697974231,15
precentral_gyrus_left,precuneus_right,0.002526803278264646,0.003008711978113128,-19.07187251155724,1.0,0
precentral_gyrus_left,rostral_anterior_cingulate_cortex_right,0.0015247724411509849,0.00157233513673179,-3.1193307471442804,1.0,0
precentral_gyrus_left,rostral_middle_frontal_gyrus_right,0.0021503585626218512,0.0018837095633899154,12.400211009777868,1.0,0
precentral_gyrus_left,superior_frontal_gyrus_right,0.003353958448936878,0.0033850561276983202,-0.9271933220073,1.0,0
precentral_gyrus_left,superior_parietal_gyrus_right,0.0050190175239105475,0.004848515855305217,3.3971124387006544,1.0,0
precentral_gyrus_left,superior_temporal_gyrus_right,0.0032555605096455816,0.002836702605785072,12.865922860887293,1.0,0
precentral_gyrus_left,supramarginal_gyrus_right,0.0015757316111351192,0.002380678756488923,-51.08402596391013,0.023299518105153717,8
precentral_gyrus_left,frontal_pole_right,0.005046056011701541,0.005544837752796784,-9.884585901119484,0.029470517025518096,6
precentral_gyrus_left,temporal_pole_right,0.002957302965930428,0.002949965324080492,0.24811938223675023,0.0372759372031494,0
precentral_gyrus_left,transverse_temporal_gyrus_right,0.002828900557964089,0.0028044655482427866,0.8637634734989746,1.0,0
precentral_gyrus_left,insula_right,0.001452061043514491,0.0014808359400497679,-1.9816588747282717,0.0035564803062231283,12
precuneus_left,rostral_anterior_cingulate_cortex_left,0.001286646310998007,0.0013935735505233298,-8.310538693604377,0.023299518105153717,1
precuneus_left,rostral_middle_frontal_gyrus_left,0.005685772093367553,0.009529780593035808,-67.60750231533703,1.0,0
precuneus_left,superior_frontal_gyrus_left,0.0023850162457226655,0.002464795855740479,-3.3450342386929974,1.0,0
precuneus_left,superior_parietal_gyrus_left,0.0037607965263586896,0.00662261576275496,-76.09609337645196,1.0,0
precuneus_left,superior_temporal_gyrus_left,0.0031874002855835875,0.0029627124614586427,7.049250297842848,1.0,0
precuneus_left,supramarginal_gyrus_left,0.0030569856773188246,0.002888543386025334,5.510077869950162,0.029470517025518096,1
precuneus_left,frontal_pole_left,0.0035867965838621116,0.0014776606760978478,58.80277452180561,0.005689866029018293,12
precuneus_left,temporal_pole_left,0.002876478901937077,0.0038058817457211915,-32.31043492647335,0.023299518105153717,5
precuneus_left,transverse_temporal_gyrus_left,0.002023630624283596,0.0020892524359393126,-3.2427761701297664,0.029470517025518096,1
precuneus_left,insula_left,0.001206227359838698,0.0010135613786606944,15.972609111085628,0.014563484775012436,4
precuneus_left,banks_superior_temporal_sulcus_right,0.002813924395885389,0.0025849823294552808,8.136041848347974,0.0372759372031494,0
precuneus_left,caudal_anterior_cingulate_cortex_right,0.002732973264994704,0.0034836032218741376,-27.465689712149032,0.029470517025518096,2
precuneus_left,caudal_middle_frontal_gyrus_right,0.0032068543242457534,0.0027956619340273395,12.82229713740195,1.0,0
precuneus_left,cuneus_right,0.0038956507738956577,0.003942325943006547,-1.1981353519585132,1.0,0
precuneus_left,entorhinal_cortex_right,0.0020153084251618063,0.002650745864475551,-31.53053058182527,1.0,0
precuneus_left,fusiform_gyrus_right,0.0019058218125535258,0.0021097370422558195,-10.699595752295266,0.029470517025518096,0
precuneus_left,inferior_parietal_gyrus_right,0.00258444458572841,0.002846688141733629,-10.146998602847088,1.0,0
precuneus_left,inferior_temporal_gyrus_right,0.004646947236072501,0.004337494643248018,6.6592663334397075,0.018420699693267165,5
precuneus_left,cingulate_gyrus_isthmus_right,0.002969655918042565,0.0030235138232245994,-1.8136075918699222,0.029470517025518096,3
precuneus_left,lateral_occipital_cortex_right,0.0030217107256245977,0.004287260115542501,-41.88188429772046,1.0,0
precuneus_left,lateral_orbitofrontal_cortex_right,0.0028583580613372496,0.0029723005599903455,-3.9862919972940434,0.01151395399326447,7
precuneus_left,lingual_gyrus_right,0.0025243271971190306,0.0027347295135737785,-8.334985920005789,1.0,0
precuneus_left,medial_orbitofrontal_gyrus_right,0.003415469071556718,0.003415469071556718,0.0,1.0,0
precuneus_left,middle_temporal_gyrus_right,0.0034331799590816485,0.0034331799590816485,0.0,1.0,0
precuneus_left,parahippocampal_gyrus_right,0.001082796780582123,0.0021116935509459533,-95.02214901402685,0.018420699693267165,1
precuneus_left,paracentral_gyrus_right,0.003598117710129179,0.0037529147014200783,-4.30216584785776,1e-05,18
precuneus_left,inferior_frontal_gyrus_pars_opercularis_right,0.00355648211383911,0.0035592825893189014,-0.07874285291338684,1.0,0
precuneus_left,inferior_frontal_gyrus_pars_orbitalis_right,0.0018400639656571051,0.0018712122266757681,-1.6927814249946278,1.0,0
precuneus_left,inferior_frontal_gyrus_pars_triangularis_right,0.0020082036972074364,0.0024893670007334395,-23.95988535401554,0.018420699693267165,5
precuneus_left,pericalcarine_cortex_right,0.0023185506387362878,0.0014715624457911647,36.53093354073858,0.01151395399326447,9
precuneus_left,postcentral_gyrus_right,0.0024329441782570647,0.0014533198881198286,40.26497191723604,0.01151395399326447,7
precuneus_left,posterior_cingulate_gyrus_right,0.003453167604375909,0.0033490387424263816,3.0154592501555335,0.005689866029018293,14
precuneus_left,precentral_gyrus_right,0.0025136242683458394,0.0027990432739596993,-11.354879454664395,1.0,0
precuneus_left,precuneus_right,0.00889363741175054,0.008349892994074664,6.113858621641849,1.0,0
precuneus_left,rostral_anterior_cingulate_cortex_right,0.002500680949590315,0.002809637244095304,-12.354886558223473,0.0372759372031494,0
precuneus_left,rostral_middle_frontal_gyrus_right,0.005194559115305561,0.004007526549839896,22.85145936578373,0.0372759372031494,1
precuneus_left,superior_frontal_gyrus_right,0.0018756646654103156,0.002105454083002824,-12.251092736890694,1.0,0
precuneus_left,superior_parietal_gyrus_right,0.003026882964146127,0.003551960463972114,-17.347135850497267,1.0,0
precuneus_left,superior_temporal_gyrus_right,0.002072488848985807,0.002228186902374548,-7.512612358080162,1.0,0
precuneus_left,supramarginal_gyrus_right,0.0018787307598965926,0.002144702204603923,-14.156975037869163,1.0,0
precuneus_left,frontal_pole_right,0.0033774394266738853,0.003919615710940184,-16.052879586362728,1.0,0
precuneus_left,temporal_pole_right,0.0026391978762687293,0.0034441302949835165,-30.499131041011307,1.0,0
precuneus_left,transverse_temporal_gyrus_right,0.004073847423603374,0.004165337781058428,-2.2457973493305117,0.029470517025518096,4
precuneus_left,insula_right,0.002773169111778086,0.003007232352395613,-8.440280097720091,0.029470517025518096,3
rostral_anterior_cingulate_cortex_left,rostral_middle_frontal_gyrus_left,0.003042858329659271,0.003510785123403702,-15.377869852942766,1.0,0
rostral_anterior_cingulate_cortex_left,superior_frontal_gyrus_left,0.0026531869831013886,0.0026191128623366594,1.2842713680473044,1.0,0
rostral_anterior_cingulate_cortex_left,superior_parietal_gyrus_left,0.0020926241063148835,0.0018226603883402578,12.900726755462669,1.0,0
rostral_anterior_cingulate_cortex_left,superior_temporal_gyrus_left,0.003188870279508719,0.003529388966694692,-10.678348673324946,1.0,0
rostral_anterior_cingulate_cortex_left,supramarginal_gyrus_left,0.004032676603995951,0.004196696124236693,-4.067261929166743,0.014563484775012436,7
rostral_anterior_cingulate_cortex_left,frontal_pole_left,0.006130297196501587,0.0042772817374612275,30.22717169565337,1.0,0
rostral_anterior_cingulate_cortex_left,temporal_pole_left,0.004366768082464217,0.004742136119882842,-8.596014954996194,0.0017575106248547913,17
rostral_anterior_cingulate_cortex_left,transverse_temporal_gyrus_left,0.0032721015069257127,0.003492973321867104,-6.750151683066533,1.0,0
rostral_anterior_cingulate_cortex_left,insula_left,0.003962505543431316,0.004589112919213347,-15.813413228424727,0.0372759372031494,2
rostral_anterior_cingulate_cortex_left,banks_superior_temporal_sulcus_right,0.0027296763697160463,0.0035431376599968215,-29.800649604678053,0.023299518105153717,3
rostral_anterior_cingulate_cortex_left,caudal_anterior_cingulate_cortex_right,0.0028150926085756017,0.0030196224198161866,-7.265473633710194,0.0372759372031494,0
rostral_anterior_cingulate_cortex_left,caudal_middle_frontal_gyrus_right,0.0030999986862261823,0.0026593152452642345,14.215600894283561,0.0372759372031494,1
rostral_anterior_cingulate_cortex_left,cuneus_right,0.0019747728003902294,0.002042402022035627,-3.4246583521928886,0.0035564803062231283,16
rostral_anterior_cingulate_cortex_left,entorhinal_cortex_right,0.003028576517988095,0.0034867750875098727,-15.129172626160436,0.029470517025518096,2
rostral_anterior_cingulate_cortex_left,fusiform_gyrus_right,0.0016063085431612736,0.0017826811170098121,-10.979993513663997,1.0,0
rostral_anterior_cingulate_cortex_left,inferior_parietal_gyrus_right,0.0012838058972819086,0.0013026545377746246,-1.468184601163047,1.0,0
rostral_anterior_cingulate_cortex_left,inferior_temporal_gyrus_right,0.0018268385055571078,0.0018497106596489948,-1.2520074446817047,0.029470517025518096,0
rostral_anterior_cingulate_cortex_left,cingulate_gyrus_isthmus_right,0.0048331192231413885,0.0035724874070849366,26.08319302409175,0.01151395399326447,11
rostral_anterior_cingulate_cortex_left,lateral_occipital_cortex_right,0.0019796886438257603,0.0019816695609119537,-0.10006205230158115,0.029470517025518096,0
rostral_anterior_cingulate_cortex_left,lateral_orbitofrontal_cortex_right,0.004875967401619656,0.006257372405789524,-28.33089088559134,1.0,0
rostral_anterior_cingulate_cortex_left,lingual_gyrus_right,0.0044523880909734855,0.0040532100786062186,8.965481090395903,0.0372759372031494,3
rostral_anterior_cingulate_cortex_left,medial_orbitofrontal_gyrus_right,0.0053321719228959915,0.005112898532776122,4.112271571333326,1.0,0
rostral_anterior_cingulate_cortex_left,middle_temporal_gyrus_right,0.0030454180852196784,0.0018986813433213242,37.6544930715362,0.009102981779915217,12
rostral_anterior_cingulate_cortex_left,parahippocampal_gyrus_right,0.004569628398331122,0.00576886529596769,-26.24364156338277,0.014563484775012436,9
rostral_anterior_cingulate_cortex_left,paracentral_gyrus_right,0.0016321446222136518,0.001833509924937961,-12.33746691216619,0.029470517025518096,0
rostral_anterior_cingulate_cortex_left,inferior_frontal_gyrus_pars_opercularis_right,0.004276236254816309,0.003078956235093641,27.9984535086006,0.029470517025518096,2
rostral_anterior_cingulate_cortex_left,inferior_frontal_gyrus_pars_orbitalis_right,0.0035674668065723155,0.0029852227531285136,16.320938217873206,1.0,0
rostral_anterior_cingulate_cortex_left,inferior_frontal_gyrus_pars_triangularis_right,0.005177271366093223,0.006496160364542463,-25.474596658905195,0.04714866363457394,2
rostral_anterior_cingulate_cortex_left,pericalcarine_cortex_right,0.0027256465581435717,0.0027737889758237405,-1.7662751443810984,1.0,0
rostral_anterior_cingulate_cortex_left,postcentral_gyrus_right,0.004048301449292373,0.004187434557757106,-3.4368267829722328,0.029470517025518096,5
rostral_anterior_cingulate_cortex_left,posterior_cingulate_gyrus_right,0.0038680172433842594,0.0035063263207308817,9.350809468908212,0.0372759372031494,2
rostral_anterior_cingulate_cortex_left,precentral_gyrus_right,0.0014865868710889762,0.001364437520469239,8.216765060642478,0.018420699693267165,2
rostral_anterior_cingulate_cortex_left,precuneus_right,0.0042943448268157195,0.004333950332219877,-0.9222711962216903,1.0,0
rostral_anterior_cingulate_cortex_left,rostral_anterior_cingulate_cortex_right,0.00677200738256077,0.007062053535474481,-4.283015899549013,0.0006866488450042998,18
rostral_anterior_cingulate_cortex_left,rostral_middle_frontal_gyrus_right,0.0034008866731644106,0.003082368059007712,9.365752074894267,1.0,0
rostral_anterior_cingulate_cortex_left,superior_frontal_gyrus_right,0.0024583133194643787,0.0021517630049561363,12.469944822779306,0.023299518105153717,3
rostral_anterior_cingulate_cortex_left,superior_parietal_gyrus_right,0.0030640844613872213,0.0017237810534180096,43.74237802055914,0.0005428675439323859,18
rostral_anterior_cingulate_cortex_left,superior_temporal_gyrus_right,0.0030617708885112157,0.0030398365142628755,0.7163950225879155,1.0,0
rostral_anterior_cingulate_cortex_left,supramarginal_gyrus_right,0.0034410421464306173,0.003406686574408353,0.9984060223703264,1.0,0
rostral_anterior_cingulate_cortex_left,frontal_pole_right,0.0039710906919744994,0.004061564856609007,-2.278320281562799,0.0372759372031494,2
rostral_anterior_cingulate_cortex_left,temporal_pole_right,0.0016616342128845576,0.00121285850012684,27.008092953180935,0.0035564803062231283,13
rostral_anterior_cingulate_cortex_left,transverse_temporal_gyrus_right,0.0028313476316798513,0.003203221468991624,-13.134163857199635,0.0372759372031494,1
rostral_anterior_cingulate_cortex_left,insula_right,0.004081933112829545,0.004153074926621936,-1.7428461424022885,0.04714866363457394,0
rostral_middle_frontal_gyrus_left,superior_frontal_gyrus_left,0.00317302386399463,0.002797454125358418,11.836335140681669,1.0,0
rostral_middle_frontal_gyrus_left,superior_parietal_gyrus_left,0.005746525324089474,0.008081729245982305,-40.636798590334934,0.0372759372031494,4
rostral_middle_frontal_gyrus_left,superior_temporal_gyrus_left,0.0021155707709544403,0.002185634027383268,-3.3117897728005925,1e-05,18
rostral_middle_frontal_gyrus_left,supramarginal_gyrus_left,0.0025537861671290534,0.0023059320449040433,9.705359258940845,0.029470517025518096,1
rostral_middle_frontal_gyrus_left,frontal_pole_left,0.005655615257087024,0.008502944762328227,-50.34517688722245,0.029470517025518096,6
rostral_middle_frontal_gyrus_left,temporal_pole_left,0.0028702267237364237,0.002975410527945024,-3.6646514137278126,1.0,0
rostral_middle_frontal_gyrus_left,transverse_temporal_gyrus_left,0.0038401545731910776,0.0050495856535126265,-31.49433329493662,1.0,0
rostral_middle_frontal_gyrus_left,insula_left,0.0036773035449845655,0.003695457464688737,-0.493674766907159,0.04714866363457394,0
rostral_middle_frontal_gyrus_left,banks_superior_temporal_sulcus_right,0.002086799642915711,0.0026413607090291784,-26.57471540193603,1.0,0
rostral_middle_frontal_gyrus_left,caudal_anterior_cingulate_cortex_right,0.0025070628404813807,0.002335652933175928,6.837080608340082,0.029470517025518096,2
rostral_middle_frontal_gyrus_left,caudal_middle_frontal_gyrus_right,0.002941297713570244,0.002959563827763067,-0.621022282394223,1.0,0
rostral_middle_frontal_gyrus_left,cuneus_right,0.003090580793787507,0.0026455685900956326,14.398983019192062,0.0022229964825261957,16
rostral_middle_frontal_gyrus_left,entorhinal_cortex_right,0.0016681843855345453,0.0017922337410248455,-7.436189702168345,1.0,0
rostral_middle_frontal_gyrus_left,fusiform_gyrus_right,0.0027994720216733076,0.003305425995373907,-18.073192722897055,0.0372759372031494,1
rostral_middle_frontal_gyrus_left,inferior_parietal_gyrus_right,0.0027675528401641457,0.002916578642967775,-5.3847500449093655,0.0071968567300115215,14
rostral_middle_frontal_gyrus_left,inferior_temporal_gyrus_right,0.0025947300556473257,0.0026239748703341128,-1.1270850554622025,1.0,0
rostral_middle_frontal_gyrus_left,cingulate_gyrus_isthmus_right,0.003696371681259237,0.003992305333847447,-8.006057780623262,1.0,0
rostral_middle_frontal_gyrus_left,lateral_occipital_cortex_right,0.002092808566903875,0.0025842900135363946,-23.484300208098972,1.0,0
rostral_middle_frontal_gyrus_left,lateral_orbitofrontal_cortex_right,0.0035079389451870995,0.003484811669775293,0.6592838636355766,1.0,0
rostral_middle_frontal_gyrus_left,lingual_gyrus_right,0.0009383715826144521,0.0012035624405504,-28.26075116182483,1.0,0
rostral_middle_frontal_gyrus_left,medial_orbitofrontal_gyrus_right,0.00451070716461472,0.004730871784480534,-4.880933561658476,0.0372759372031494,1
rostral_middle_frontal_gyrus_left,middle_temporal_gyrus_right,0.0038352342447272717,0.003879184844980791,-1.1459691233708371,1.0,0
rostral_middle_frontal_gyrus_left,parahippocampal_gyrus_right,0.0017225177486044282,0.0010930695448752486,36.542334860651174,0.0035564803062231283,15
rostral_middle_frontal_gyrus_left,paracentral_gyrus_right,0.003272448241206537,0.0032608821539466316,0.3534383558543572,0.0071968567300115215,16
rostral_middle_frontal_gyrus_left,inferior_frontal_gyrus_pars_opercularis_right,0.0039816084342843405,0.003973864199094556,0.19450017041107595,0.0372759372031494,1
rostral_middle_frontal_gyrus_left,inferior_frontal_gyrus_pars_orbitalis_right,0.005871372432340838,0.004247026496667317,27.66552376623665,0.0372759372031494,2
rostral_middle_frontal_gyrus_left,inferior_frontal_gyrus_pars_triangularis_right,0.002733403994844843,0.0025942213792595984,5.0919152766199485,1.0,0
rostral_middle_frontal_gyrus_left,pericalcarine_cortex_right,0.0034923825691041306,0.0034923825691041306,0.0,1.0,0
rostral_middle_frontal_gyrus_left,postcentral_gyrus_right,0.0022675523780772695,0.0020093971412776055,11.384752973978141,0.029470517025518096,1
rostral_middle_frontal_gyrus_left,posterior_cingulate_gyrus_right,0.002297817121522208,0.0025480871970327175,-10.891644646842748,1.0,0
rostral_middle_frontal_gyrus_left,precentral_gyrus_right,0.0036158512208863446,0.0022575079236409495,37.56634922917066,0.009102981779915217,10
rostral_middle_frontal_gyrus_left,precuneus_right,0.0018858045559570255,0.0022487160097270555,-19.244383126747532,0.023299518105153717,3
rostral_middle_frontal_gyrus_left,rostral_anterior_cingulate_cortex_right,0.002883511203121111,0.003090254281805425,-7.169837885857191,0.009102981779915217,14
rostral_middle_frontal_gyrus_left,rostral_middle_frontal_gyrus_right,0.014775470894665714,0.005596777706424133,62.121155079770084,0.04714866363457394,1
rostral_middle_frontal_gyrus_left,superior_frontal_gyrus_right,0.004059078110470505,0.0015631163161641346,61.49085399140183,1e-05,18
rostral_middle_frontal_gyrus_left,superior_parietal_gyrus_right,0.0041208049327087605,0.004669865788012594,-13.324116629391508,1.0,0
rostral_middle_frontal_gyrus_left,superior_temporal_gyrus_right,0.004006463370997506,0.004387753738353699,-9.516881400097791,1.0,0
rostral_middle_frontal_gyrus_left,supramarginal_gyrus_right,0.0023418464657152063,0.0023316282007738685,0.43633368331074823,1.0,0
rostral_middle_frontal_gyrus_left,frontal_pole_right,0.003441014502382088,0.0026075146466672744,24.222503425597658,1.0,0
rostral_middle_frontal_gyrus_left,temporal_pole_right,0.002456107375211915,0.00261660984536634,-6.534831163095098,1.0,0
rostral_middle_frontal_gyrus_left,transverse_temporal_gyrus_right,0.0037167719183535514,0.0038937367564018774,-4.761250943983605,0.029470517025518096,4
rostral_middle_frontal_gyrus_left,insula_right,0.0013380287837582534,0.0017814724970040563,-33.14156755284881,0.023299518105153717,1
superior_frontal_gyrus_left,superior_parietal_gyrus_left,0.0032336652469909894,0.003574025937079417,-10.525538795493503,0.023299518105153717,4
superior_frontal_gyrus_left,superior_temporal_gyrus_left,0.0031116105470180276,0.002771039388416654,10.945173036765652,0.029470517025518096,2
superior_frontal_gyrus_left,supramarginal_gyrus_left,0.0027009086475164603,0.0023343188278950235,13.572832978209886,1.0,0
superior_frontal_gyrus_left,frontal_pole_left,0.0029109388417416933,0.0029869886215015645,-2.6125516163152547,1.0,0
superior_frontal_gyrus_left,temporal_pole_left,0.004006957177738849,0.00430612165589531,-7.466126162228696,0.029470517025518096,5
superior_frontal_gyrus_left,transverse_temporal_gyrus_left,0.006515127014275898,0.002698242878084268,58.58495356772173,0.01151395399326447,11
superior_frontal_gyrus_left,insula_left,0.0026525978242108554,0.003005292328959759,-13.296192190530414,0.0372759372031494,0
superior_frontal_gyrus_left,banks_superior_temporal_sulcus_right,0.0024180953136596077,0.0021431424161168235,11.370639361881206,0.01151395399326447,6
superior_frontal_gyrus_left,caudal_anterior_cingulate_cortex_right,0.004015928843981429,0.005526701685839819,-37.61951221129196,1.0,0
superior_frontal_gyrus_left,caudal_middle_frontal_gyrus_right,0.002302526617597013,0.002195476423364755,4.649248934371875,0.018420699693267165,7
superior_frontal_gyrus_left,cuneus_right,0.0018097656595165022,0.0019273480091446089,-6.49710358961723,0.0006866488450042998,16
superior_frontal_gyrus_left,entorhinal_cortex_right,0.005269169809281461,0.004555235239828291,13.549279968081473,1.0,0
superior_frontal_gyrus_left,fusiform_gyrus_right,0.003022308492828145,0.002766277999169841,8.471355398228116,1.0,0
superior_frontal_gyrus_left,inferior_parietal_gyrus_right,0.004144969026114248,0.0050766014584491875,-22.47622181168166,0.00026826957952797245,18
superior_frontal_gyrus_left,inferior_temporal_gyrus_right,0.0018389389243602342,0.001884193318329874,-2.4608970624396163,1.0,0
superior_frontal_gyrus_left,cingulate_gyrus_isthmus_right,0.0018993212438667608,0.0019475156119913566,-2.53745217035948,0.0006866488450042998,18
superior_frontal_gyrus_left,lateral_occipital_cortex_right,0.002321096562553646,0.0026328068102072118,-13.42943902819043,1.0,0
superior_frontal_gyrus_left,lateral_orbitofrontal_cortex_right,0.0014413848756624054,0.0013143894858324214,8.810650921505042,0.029470517025518096,0
superior_frontal_gyrus_left,lingual_gyrus_right,0.002757688227854394,0.003179812402534377,-15.307175423830078,1.0,0
superior_frontal_gyrus_left,medial_orbitofrontal_gyrus_right,0.001258444821927598,0.0012787982191136283,-1.6173452209731634,0.018420699693267165,4
superior_frontal_gyrus_left,middle_temporal_gyrus_right,0.0017812524616638073,0.001695528554334296,4.812563585143873,1.0,0
superior_frontal_gyrus_left,parahippocampal_gyrus_right,0.002290371445704168,0.0022461927160828134,1.9288892945385019,0.029470517025518096,1
superior_frontal_gyrus_left,paracentral_gyrus_right,0.0031238509207815236,0.003651442251256977,-16.88913279970034,1.0,0
superior_frontal_gyrus_left,inferior_frontal_gyrus_pars_opercularis_right,0.0028676282638996527,0.0018728732606543297,34.68911977776952,0.029470517025518096,2
superior_frontal_gyrus_left,inferior_frontal_gyrus_pars_orbitalis_right,0.004285074275360472,0.003828381804184585,10.657749243739048,1.0,0
superior_frontal_gyrus_left,inferior_frontal_gyrus_pars_triangularis_right,0.0023452616154250173,0.002138765917349879,8.804804407192595,1.0,0
superior_frontal_gyrus_left,pericalcarine_cortex_right,0.001711253077531285,0.0018596094683186442,-8.669459399972762,1.0,0
superior_frontal_gyrus_left,postcentral_gyrus_right,0.00337943661360417,0.0026524257339539913,21.512783424418828,0.018420699693267165,5
superior_frontal_gyrus_left,posterior_cingulate_gyrus_right,0.002839345511847836,0.0017127934893056045,39.67646832135887,0.014563484775012436,6
superior_frontal_gyrus_left,precentral_gyrus_right,0.0034357624924002835,0.0032375494594477513,5.769113359580835,1.0,0
superior_frontal_gyrus_left,precuneus_right,0.003141349876107047,0.0031490963652165936,-0.24659746335376387,0.023299518105153717,3
superior_frontal_gyrus_left,rostral_anterior_cingulate_cortex_right,0.0013544478331469314,0.001913286002315348,-41.259482683065684,1.0,0
superior_frontal_gyrus_left,rostral_middle_frontal_gyrus_right,0.005992291043168945,0.00520946123169009,13.063948427058806,1.0,0
superior_frontal_gyrus_left,superior_frontal_gyrus_right,0.004708613359629507,0.003823452785321485,18.79875255626574,0.029470517025518096,2
superior_frontal_gyrus_left,superior_parietal_gyrus_right,0.002359500686114468,0.0023866431162664855,-1.1503463555551994,0.029470517025518096,1
superior_frontal_gyrus_left,superior_temporal_gyrus_right,0.003542449814382334,0.0028989538722835094,18.165280408101577,0.0006866488450042998,18
superior_frontal_gyrus_left,supramarginal_gyrus_right,0.0032661312507376162,0.002137708884959194,34.549204522126345,0.005689866029018293,16
superior_frontal_gyrus_left,frontal_pole_right,0.004604242376923115,0.0037939279841969543,17.599299219943994,1.0,0
superior_frontal_gyrus_left,temporal_pole_right,0.0027822557577559695,0.0032237060220909326,-15.866631351354096,1.0,0
superior_frontal_gyrus_left,transverse_temporal_gyrus_right,0.0019809427996413014,0.0017825491299685063,10.015113495892926,0.029470517025518096,0
superior_frontal_gyrus_left,insula_right,0.003908577598109639,0.0035362631301034194,9.525574423449783,0.0372759372031494,1
superior_parietal_gyrus_left,superior_temporal_gyrus_left,0.001754651282978592,0.0028624421537771887,-63.134531718352406,1.0,0
superior_parietal_gyrus_left,supramarginal_gyrus_left,0.0030164213325662953,0.003515867650054922,-16.557578084216452,0.0372759372031494,0
superior_parietal_gyrus_left,frontal_pole_left,0.0027459088571263383,0.0028035106987307065,-2.0977331951450853,1.0,0
superior_parietal_gyrus_left,temporal_pole_left,0.0053147997138083295,0.005686693213679578,-6.9973191822268594,1.0,0
superior_parietal_gyrus_left,transverse_temporal_gyrus_left,0.0029920544561899153,0.0033345629744085765,-11.447268866049043,1.0,0
superior_parietal_gyrus_left,insula_left,0.003207624209292626,0.0033557651090406174,-4.618399478306124,0.0372759372031494,0
superior_parietal_gyrus_left,banks_superior_temporal_sulcus_right,0.004426751556953261,0.004489469103833899,-1.4167848833107783,1.0,0
superior_parietal_gyrus_left,caudal_anterior_cingulate_cortex_right,0.002426668348016496,0.0024401140495582925,-0.554080723589056,1.0,0
superior_parietal_gyrus_left,caudal_middle_frontal_gyrus_right,0.002592507915610453,0.002512088433250604,3.1019956342510477,0.014563484775012436,11
superior_parietal_gyrus_left,cuneus_right,0.004943307406235518,0.008393095344124328,-69.78704042433667,0.029470517025518096,6
superior_parietal_gyrus_left,entorhinal_cortex_right,0.003616565730508354,0.003872273720997363,-7.070464344997982,1.0,0
superior_parietal_gyrus_left,fusiform_gyrus_right,0.004516814942143688,0.004826691646183811,-6.860513614335831,1.0,0
superior_parietal_gyrus_left,inferior_parietal_gyrus_right,0.003132529549612922,0.003445969610647883,-10.005973002671027,1.0,0
superior_parietal_gyrus_left,inferior_temporal_gyrus_right,0.002396145579257209,0.00344925628271508,-43.95019704037886,0.029470517025518096,2
superior_parietal_gyrus_left,cingulate_gyrus_isthmus_right,0.003522134807038598,0.002289472139091419,34.99760047468481,0.0372759372031494,0
superior_parietal_gyrus_left,lateral_occipital_cortex_right,0.0027422766299809186,0.003019762667816076,-10.118820063645005,0.023299518105153717,1
superior_parietal_gyrus_left,lateral_orbitofrontal_cortex_right,0.003267186706681282,0.002824045035627793,13.56340212046284,1.0,0
superior_parietal_gyrus_left,lingual_gyrus_right,0.0035742980528404335,0.0032520573404405053,9.015496403380492,1.0,0
superior_parietal_gyrus_left,medial_orbitofrontal_gyrus_right,0.003335146260502287,0.0038460081712887494,-15.317526455632096,1.0,0
superior_parietal_gyrus_left,middle_temporal_gyrus_right,0.004134510805654484,0.004253464551895364,-2.8770936111279433,1.0,0
superior_parietal_gyrus_left,parahippocampal_gyrus_right,0.0025648421470161747,0.004117551330744394,-60.53819668920263,1.0,0
superior_parietal_gyrus_left,paracentral_gyrus_right,0.0026446211127758223,0.0034303987581536864,-29.71229570776222,1.0,0
superior_parietal_gyrus_left,inferior_frontal_gyrus_pars_opercularis_right,0.002967177583151644,0.0033544483289391154,-13.051822310416778,0.0372759372031494,0
superior_parietal_gyrus_left,inferior_frontal_gyrus_pars_orbitalis_right,0.0019199367574363794,0.0024292761076662502,-26.528964991012145,1.0,0
superior_parietal_gyrus_left,inferior_frontal_gyrus_pars_triangularis_right,0.003099295564343112,0.0032402160781712223,-4.546856242088616,1e-05,18
superior_parietal_gyrus_left,pericalcarine_cortex_right,0.002952209796040106,0.0029578085581904827,-0.1896464864348852,0.0372759372031494,0
superior_parietal_gyrus_left,postcentral_gyrus_right,0.005174959521696297,0.0045542964688788275,11.993582755870964,0.023299518105153717,8
superior_parietal_gyrus_left,posterior_cingulate_gyrus_right,0.003649501362195347,0.003498138806469879,4.147485935843466,0.0035564803062231283,16
superior_parietal_gyrus_left,precentral_gyrus_right,0.0018175270335660076,0.0016550227472318317,8.940955668501985,1.0,0
superior_parietal_gyrus_left,precuneus_right,0.003167610002407542,0.0030236994169926226,4.5431914063139125,0.014563484775012436,7
superior_parietal_gyrus_left,rostral_anterior_cingulate_cortex_right,0.002659376993375587,0.0022134501704220598,16.768093582230534,0.029470517025518096,1
superior_parietal_gyrus_left,rostral_middle_frontal_gyrus_right,0.0032337578715806205,0.0033312478062156904,-3.0147567785406912,1.0,0
superior_parietal_gyrus_left,superior_frontal_gyrus_right,0.0024777029811980738,0.0024311294860323326,1.8797045295243946,0.029470517025518096,1
superior_parietal_gyrus_left,superior_parietal_gyrus_right,0.008763354711764034,0.00734888942683136,16.14068278023573,1.0,0
superior_parietal_gyrus_left,superior_temporal_gyrus_right,0.003953321506261087,0.003618857939267737,8.460317898851438,0.00016768329368110083,18
superior_parietal_gyrus_left,supramarginal_gyrus_right,0.0023871629693194003,0.0011009466038782864,53.88054280214579,0.01151395399326447,4
superior_parietal_gyrus_left,frontal_pole_right,0.0016358908715752374,0.0015271146430443114,6.649357265878188,0.023299518105153717,1
superior_parietal_gyrus_left,temporal_pole_right,0.003714822525018202,0.003215174361202067,13.450122057006936,0.023299518105153717,7
superior_parietal_gyrus_left,transverse_temporal_gyrus_right,0.0025023032311265623,0.002668147826508648,-6.62767778577422,0.014563484775012436,7
superior_parietal_gyrus_left,insula_right,0.0027599004660644657,0.00548289520322855,-98.66278768549186,1.0,0
superior_temporal_gyrus_left,supramarginal_gyrus_left,0.0023509617648424575,0.0024147407207568534,-2.7128878431023646,1.0,0
superior_temporal_gyrus_left,frontal_pole_left,0.0029423806786621222,0.002995116677954248,-1.7922901572377168,0.029470517025518096,3
superior_temporal_gyrus_left,temporal_pole_left,0.003191046825332059,0.003545763323926884,-11.115991648223877,1.0,0
superior_temporal_gyrus_left,transverse_temporal_gyrus_left,0.004395866016166318,0.0037348087452036167,15.038157863128337,1.0,0
superior_temporal_gyrus_left,insula_left,0.01286682826786784,0.011101990083256807,13.716186676854464,1.0,0
superior_temporal_gyrus_left,banks_superior_temporal_sulcus_right,0.00438206801340568,0.004427115836680715,-1.0280037447439059,0.0071968567300115215,16
superior_temporal_gyrus_left,caudal_anterior_cingulate_cortex_right,0.004773440660330269,0.006959934844126841,-45.8054124767373,0.04714866363457394,1
superior_temporal_gyrus_left,caudal_middle_frontal_gyrus_right,0.0018118281978450773,0.0016344815804211234,9.78826897797945,1.0,0
superior_temporal_gyrus_left,cuneus_right,0.005462584934445595,0.004301049037358759,21.263484431381606,0.0372759372031494,5
superior_temporal_gyrus_left,entorhinal_cortex_right,0.003223556715830496,0.0027387122980381943,15.040666584561377,1e-05,20
superior_temporal_gyrus_left,fusiform_gyrus_right,0.002672692618967024,0.0030560795921485773,-14.344596548844054,1.0,0
superior_temporal_gyrus_left,inferior_parietal_gyrus_right,0.0016519143138138761,0.0017821719355960212,-7.885252927036587,1.0,0
superior_temporal_gyrus_left,inferior_temporal_gyrus_right,0.0029040903464579732,0.0033525461935911883,-15.442214037183192,0.01151395399326447,8
superior_temporal_gyrus_left,cingulate_gyrus_isthmus_right,0.0036229676404483796,0.0034827697542517797,3.869697444475353,1.0,0
superior_temporal_gyrus_left,lateral_occipital_cortex_right,0.004801943959982562,0.006500343709699623,-35.36900396736886,0.018420699693267165,14
superior_temporal_gyrus_left,lateral_orbitofrontal_cortex_right,0.0011527578112133048,0.0013907909968295155,-20.64901953391885,1.0,0
superior_temporal_gyrus_left,lingual_gyrus_right,0.0033254186691098787,0.00343595751418789,-3.3240579932029877,0.029470517025518096,3
superior_temporal_gyrus_left,medial_orbitofrontal_gyrus_right,0.006036267536039631,0.006904263673540077,-14.379683013021896,0.0372759372031494,5
superior_temporal_gyrus_left,middle_temporal_gyrus_right,0.00399461383896992,0.003510461775388247,12.120121821500517,1.0,0
superior_temporal_gyrus_left,parahippocampal_gyrus_right,0.0040642739200687575,0.0040642739200687575,0.0,1.0,0
superior_temporal_gyrus_left,paracentral_gyrus_right,0.0017859650136549568,0.001811884554826047,-1.451290533292487,1.0,0
superior_temporal_gyrus_left,inferior_frontal_gyrus_pars_opercularis_right,0.0035758870798658095,0.0035765023081885477,-0.01720491472457862,1.0,0
superior_temporal_gyrus_left,inferior_frontal_gyrus_pars_orbitalis_right,0.0024708286662049454,0.002525428468211584,-2.2097769365166324,1.0,0
superior_temporal_gyrus_left,inferior_frontal_gyrus_pars_triangularis_right,0.002749826663564557,0.0029922220387702007,-8.814932898040578,0.0372759372031494,0
superior_temporal_gyrus_left,pericalcarine_cortex_right,0.0022756649795888425,0.002399894890199927,-5.4590597353011825,0.0372759372031494,0
superior_temporal_gyrus_left,postcentral_gyrus_right,0.003238923554178186,0.0036148544151506402,-11.606660505695064,1.0,0
superior_temporal_gyrus_left,posterior_cingulate_gyrus_right,0.002676121932105512,0.0018893995664039983,29.397852028458903,0.01151395399326447,10
superior_temporal_gyrus_left,precentral_gyrus_right,0.0023749192205266157,0.0022470531197757563,5.384018944547778,1.0,0
superior_temporal_gyrus_left,precuneus_right,0.0027540902512271917,0.00284744394927853,-3.3896383028748303,1.0,0
superior_temporal_gyrus_left,rostral_anterior_cingulate_cortex_right,0.004311332639834059,0.004431413831055597,-2.785245334866107,1.0,0
superior_temporal_gyrus_left,rostral_middle_frontal_gyrus_right,0.0029569422869450256,0.003474535046996117,-17.504324055842293,1.0,0
superior_temporal_gyrus_left,superior_frontal_gyrus_right,0.002493082867862037,0.002419786872851422,2.9399742766461197,1.0,0
superior_temporal_gyrus_left,superior_parietal_gyrus_right,0.0024099915406746134,0.003021427453667024,-25.37087382560916,1.0,0
superior_temporal_gyrus_left,superior_temporal_gyrus_right,0.0051486302114767835,0.005637045294216027,-9.486311167784391,1.0,0
superior_temporal_gyrus_left,supramarginal_gyrus_right,0.002109566092046919,0.0023902120422503426,-13.303491711469064,0.0372759372031494,0
superior_temporal_gyrus_left,frontal_pole_right,0.0028865336945928396,0.0028865336945928396,0.0,1.0,0
superior_temporal_gyrus_left,temporal_pole_right,0.0049970146355394415,0.0049970146355394415,0.0,1.0,0
superior_temporal_gyrus_left,transverse_temporal_gyrus_right,0.005418140265512977,0.005172610196295806,4.531629990829052,1.0,0
superior_temporal_gyrus_left,insula_right,0.008277454125677246,0.008478501759752672,-2.4288583303864075,0.07543120063354615,0
supramarginal_gyrus_left,frontal_pole_left,0.003380377343882338,0.003409909593851963,-0.8736376731157289,1.0,0
supramarginal_gyrus_left,temporal_pole_left,0.004350348436355814,0.0047388469587075445,-8.930285195205348,1.0,0
supramarginal_gyrus_left,transverse_temporal_gyrus_left,0.002606735503404239,0.002707708459351263,-3.8735405189808927,0.04714866363457394,0
supramarginal_gyrus_left,insula_left,0.002036993244808083,0.0022607483173717508,-10.984576072305481,1.0,0
supramarginal_gyrus_left,banks_superior_temporal_sulcus_right,0.0062563311195061935,0.006907777950250451,-10.412601543948895,1.0,0
supramarginal_gyrus_left,caudal_anterior_cingulate_cortex_right,0.003280473108399204,0.00309613189715914,5.619348342410834,1.0,0
supramarginal_gyrus_left,caudal_middle_frontal_gyrus_right,0.003270755750374166,0.0032627179225485784,0.24574833582936667,0.04714866363457394,0
supramarginal_gyrus_left,cuneus_right,0.003472679810231316,0.003902432330012567,-12.375241694183876,1.0,0
supramarginal_gyrus_left,entorhinal_cortex_right,0.001038408097621759,0.0010903305787646291,-5.00019994660933,0.018420699693267165,4
supramarginal_gyrus_left,fusiform_gyrus_right,0.0040686089313546996,0.0038631661800277023,5.049459281863009,1.0,0
supramarginal_gyrus_left,inferior_parietal_gyrus_right,0.004705341785281328,0.005894059101156234,-25.263144955660934,1.0,0
supramarginal_gyrus_left,inferior_temporal_gyrus_right,0.0035484977051228896,0.0036674227624225006,-3.3514198734839664,0.023299518105153717,6
supramarginal_gyrus_left,cingulate_gyrus_isthmus_right,0.0018602316350472008,0.001988544894886798,-6.897703351676494,0.029470517025518096,0
supramarginal_gyrus_left,lateral_occipital_cortex_right,0.0017594368260908965,0.0017686325423083543,-0.5226511166012563,0.01151395399326447,13
supramarginal_gyrus_left,lateral_orbitofrontal_cortex_right,0.00211633932814417,0.002171463705990296,-2.6047041281638394,0.018420699693267165,7
supramarginal_gyrus_left,lingual_gyrus_right,0.004594064540245878,0.004838400083809611,-5.3185048103537556,0.029470517025518096,6
supramarginal_gyrus_left,medial_orbitofrontal_gyrus_right,0.0034964152266130782,0.004112281963936623,-17.6142333620977,1.0,0
supramarginal_gyrus_left,middle_temporal_gyrus_right,0.001547556474855627,0.0016088674329107506,-3.961791317557134,1.0,0
supramarginal_gyrus_left,parahippocampal_gyrus_right,0.0014712240868722706,0.001804449412058815,-22.64952893035897,1.0,0
supramarginal_gyrus_left,paracentral_gyrus_right,0.0015913700999110297,0.0016834311880786447,-5.78502060411729,0.004498432668969444,13
supramarginal_gyrus_left,inferior_frontal_gyrus_pars_opercularis_right,0.004235900623833677,0.004329790680579653,-2.216531148481039,1.0,0
supramarginal_gyrus_left,inferior_frontal_gyrus_pars_orbitalis_right,0.0025388855647325357,0.0020549099904754254,19.062520224620513,0.01151395399326447,9
supramarginal_gyrus_left,inferior_frontal_gyrus_pars_triangularis_right,0.0035237347437502586,0.0031304577703385756,11.160799606417712,1.0,0
supramarginal_gyrus_left,pericalcarine_cortex_right,0.0016960608396405124,0.002132493788007208,-25.7321517109728,1.0,0
supramarginal_gyrus_left,postcentral_gyrus_right,0.003825960151029411,0.003948360733642116,-3.199212165860441,0.0372759372031494,1
supramarginal_gyrus_left,posterior_cingulate_gyrus_right,0.006386554765353015,0.0061364788638151955,3.9156620545161327,0.0372759372031494,4
supramarginal_gyrus_left,precentral_gyrus_right,0.002410062030069707,0.002119586796121234,12.052604054347563,1.0,0
supramarginal_gyrus_left,precuneus_right,0.003402626369485831,0.0030377670896463743,10.722872282171561,1.0,0
supramarginal_gyrus_left,rostral_anterior_cingulate_cortex_right,0.0030267079757360814,0.002868849904089353,5.2155038712757875,0.023299518105153717,6
supramarginal_gyrus_left,rostral_middle_frontal_gyrus_right,0.004334204746879263,0.005122102358492434,-18.17859694285273,0.04714866363457394,0
supramarginal_gyrus_left,superior_frontal_gyrus_right,0.002367832666373234,0.002485274469523963,-4.959886094088412,1.0,0
supramarginal_gyrus_left,superior_parietal_gyrus_right,0.004083303557937493,0.0045201153059417475,-10.697508568892472,0.0372759372031494,1
supramarginal_gyrus_left,superior_temporal_gyrus_right,0.002379141170440204,0.0023706246189850472,0.3579674699833388,1.0,0
supramarginal_gyrus_left,supramarginal_gyrus_right,0.0033797280017977176,0.001791929839326069,46.9800576149051,0.0035564803062231283,11
supramarginal_gyrus_left,frontal_pole_right,0.0021648894508911193,0.00374830449256179,-73.14068813162261,1.0,0
supramarginal_gyrus_left,temporal_pole_right,0.0017902494997900872,0.001950133050794307,-8.930797133191032,0.014563484775012436,8
supramarginal_gyrus_left,transverse_temporal_gyrus_right,0.005029840469904957,0.004349965549722417,13.51682869964635,1.0,0
supramarginal_gyrus_left,insula_right,0.005232914478616413,0.004122919579806772,21.211791313339493,1.0,0
frontal_pole_left,temporal_pole_left,0.005676076289244616,0.006529994588563874,-15.044165296673617,1.0,0
frontal_pole_left,transverse_temporal_gyrus_left,0.002797160734722131,0.002286700781011595,18.249217764786234,1.0,0
frontal_pole_left,insula_left,0.0028178445870467835,0.0032999788452119797,-17.110037238444463,1.0,0
frontal_pole_left,banks_superior_temporal_sulcus_right,0.003381912849922083,0.003727631386461861,-10.222573788314595,0.0372759372031494,1
frontal_pole_left,caudal_anterior_cingulate_cortex_right,0.0034974541062656986,0.0034851394417758216,0.3521036764375333,1.0,0
frontal_pole_left,caudal_middle_frontal_gyrus_right,0.005569551875247998,0.005788820930822389,-3.9369245584884207,1.0,0
frontal_pole_left,cuneus_right,0.00245722944371751,0.001961331169895242,20.18119533322984,1e-05,18
frontal_pole_left,entorhinal_cortex_right,0.006610381956340424,0.007200168818624115,-8.922129858441702,1.0,0
frontal_pole_left,fusiform_gyrus_right,0.0024027357340680303,0.0027947881430265657,-16.316917561914234,1.0,0
frontal_pole_left,inferior_parietal_gyrus_right,0.0024320823303434136,0.002783354584945607,-14.443271521675562,1.0,0
frontal_pole_left,inferior_temporal_gyrus_right,0.002369907464896895,0.0029201345262047777,-23.21723820266632,1.0,0
frontal_pole_left,cingulate_gyrus_isthmus_right,0.005004595484221514,0.005370340708019274,-7.308187543846071,1.0,0
frontal_pole_left,lateral_occipital_cortex_right,0.0028913047686265495,0.0035679552139415076,-23.402944326633058,1.0,0
frontal_pole_left,lateral_orbitofrontal_cortex_right,0.007254295112612614,0.007596964326499497,-4.72367347298988,0.05963623316594643,1
frontal_pole_left,lingual_gyrus_right,0.003944525808845747,0.004058194717422818,-2.8816875357277256,1.0,0
frontal_pole_left,medial_orbitofrontal_gyrus_right,0.009884320935208574,0.007427232746567277,24.858442018904846,0.018420699693267165,10
frontal_pole_left,middle_temporal_gyrus_right,0.003104045887597003,0.004247119936479203,-36.82529480152469,1.0,0
frontal_pole_left,parahippocampal_gyrus_right,0.002302909237067023,0.0026281828019048396,-14.124463074892349,1.0,0
frontal_pole_left,paracentral_gyrus_right,0.0031341023437403185,0.003819112592055798,-21.85666494534351,0.023299518105153717,4
frontal_pole_left,inferior_frontal_gyrus_pars_opercularis_right,0.0023571710539400602,0.002394715899968473,-1.5927925962630387,1.0,0
frontal_pole_left,inferior_frontal_gyrus_pars_orbitalis_right,0.009113835754076583,0.006542507160948276,28.213462064840943,0.023299518105153717,8
frontal_pole_left,inferior_frontal_gyrus_pars_triangularis_right,0.00437217755768202,0.0049190550941513814,-12.508127340539604,0.0372759372031494,3
frontal_pole_left,pericalcarine_cortex_right,0.0028110145409137445,0.0053244875858185,-89.41515628331574,1.0,0
frontal_pole_left,postcentral_gyrus_right,0.0024052387818766486,0.0023770043726939315,1.173871359278832,0.023299518105153717,6
frontal_pole_left,posterior_cingulate_gyrus_right,0.003197772428625115,0.005066685633468396,-58.44422161231848,1.0,0
frontal_pole_left,precentral_gyrus_right,0.0020689233937209867,0.0024697349165606897,-19.372951364759718,0.009102981779915217,12
frontal_pole_left,precuneus_right,0.0035772052902093483,0.004111602991427504,-14.938972126670466,1.0,0
frontal_pole_left,rostral_anterior_cingulate_cortex_right,0.0030795837469433074,0.0037298866492255327,-21.116584438650005,0.023299518105153717,5
frontal_pole_left,rostral_middle_frontal_gyrus_right,0.004129787769317709,0.005860804586762891,-41.91539406227568,1.0,0
frontal_pole_left,superior_frontal_gyrus_right,0.0024168258404255643,0.002498438362929412,-3.3768474806392037,0.029470517025518096,1
frontal_pole_left,superior_parietal_gyrus_right,0.0019309618554828622,0.0019777598766428065,-2.4235601043626938,1.0,0
frontal_pole_left,superior_temporal_gyrus_right,0.0034733417561516053,0.003595599265697674,-3.519881374458459,1.0,0
frontal_pole_left,supramarginal_gyrus_right,0.0025780395575752436,0.002741568515942809,-6.343151635786823,0.029470517025518096,1
frontal_pole_left,frontal_pole_right,0.016405776172410045,0.018879082154862736,-15.07582424909651,1.0,0
frontal_pole_left,temporal_pole_right,0.004361386921162062,0.005359054512147475,-22.875007629903003,1.0,0
frontal_pole_left,transverse_temporal_gyrus_right,0.0021595308373578517,0.002677512397603611,-23.98583763126535,0.029470517025518096,1
frontal_pole_left,insula_right,0.0030361193139949857,0.003219520600453874,-6.040648192365188,0.018420699693267165,9
temporal_pole_left,transverse_temporal_gyrus_left,0.003445216279504327,0.004039110212326357,-17.238219160727862,1.0,0
temporal_pole_left,insula_left,0.004883846119658211,0.004634251154668249,5.1106230391925065,0.04714866363457394,1
temporal_pole_left,banks_superior_temporal_sulcus_right,0.002625840671032167,0.0027594924586671703,-5.089866613364152,0.0372759372031494,0
temporal_pole_left,caudal_anterior_cingulate_cortex_right,0.0023772143547492845,0.002397093611274363,-0.8362416491959599,1.0,0
temporal_pole_left,caudal_middle_frontal_gyrus_right,0.001768218901296306,0.0020523721905977258,-16.070028947948863,0.0035564803062231283,14
temporal_pole_left,cuneus_right,0.002229277095583298,0.002801138619614006,-25.65233030760037,1.0,0
temporal_pole_left,entorhinal_cortex_right,0.010363708496050223,0.009507271520807386,8.263808033284983,1.0,0
temporal_pole_left,fusiform_gyrus_right,0.00308347240894624,0.0030973181998961673,-0.44903242557824546,1.0,0
temporal_pole_left,inferior_parietal_gyrus_right,0.0029688275152297363,0.0030745300310311514,-3.56041283163719,1.0,0
temporal_pole_left,inferior_temporal_gyrus_right,0.006352006619256531,0.006352006619256531,0.0,0.05963623316594643,0
temporal_pole_left,cingulate_gyrus_isthmus_right,0.001972885207092849,0.0021206117600018003,-7.487843305725532,1.0,0
temporal_pole_left,lateral_occipital_cortex_right,0.003043678219443263,0.004511704829846276,-48.23199118175964,1.0,0
temporal_pole_left,lateral_orbitofrontal_cortex_right,0.0019023889283677237,0.00040801576416704444,78.55245275648615,0.0005428675439323859,18
temporal_pole_left,lingual_gyrus_right,0.002850449430983218,0.0031988812178442515,-12.223749106850404,0.014563484775012436,9
temporal_pole_left,medial_orbitofrontal_gyrus_right,0.0040532658000258575,0.004229422038217018,-4.3460322338109885,1.0,0
temporal_pole_left,middle_temporal_gyrus_right,0.0022722298296631023,0.002289706364236428,-0.7691358657991529,1.0,0
temporal_pole_left,parahippocampal_gyrus_right,0.003403122725063841,0.0038210318781406794,-12.280166977198816,1.0,0
temporal_pole_left,paracentral_gyrus_right,0.0036434763356075865,0.003765796378428089,-3.3572344528513107,1.0,0
temporal_pole_left,inferior_frontal_gyrus_pars_opercularis_right,0.004404411084393589,0.004548655715640235,-3.2750038196424627,1.0,0
temporal_pole_left,inferior_frontal_gyrus_pars_orbitalis_right,0.004136112981357218,0.004798404821715838,-16.01242140492247,1.0,0
temporal_pole_left,inferior_frontal_gyrus_pars_triangularis_right,0.0018316044180382808,0.002090155234140888,-14.116083885598238,1.0,0
temporal_pole_left,pericalcarine_cortex_right,0.0025748988154279838,0.002927941982967434,-13.710953044994486,1.0,0
temporal_pole_left,postcentral_gyrus_right,0.0036485849242114156,0.004013710720949877,-10.007326246281027,0.0372759372031494,0
temporal_pole_left,posterior_cingulate_gyrus_right,0.0028813163077169718,0.0012332341711610067,57.19893134057998,0.0035564803062231283,15
temporal_pole_left,precentral_gyrus_right,0.003843248549913495,0.003685685941006408,4.099724669398067,0.0013894954943731374,18
temporal_pole_left,precuneus_right,0.0031030535558325308,0.0031168808907936414,-0.4456041351629465,1e-05,18
temporal_pole_left,rostral_anterior_cingulate_cortex_right,0.005251295172811571,0.005484751673809378,-4.44569374440273,1.0,0
temporal_pole_left,rostral_middle_frontal_gyrus_right,0.0035245115267780983,0.002817074242665548,20.071924257806245,0.023299518105153717,6
temporal_pole_left,superior_frontal_gyrus_right,0.0018329527161814164,0.0018957811578837996,-3.4277175372681463,0.023299518105153717,3
temporal_pole_left,superior_parietal_gyrus_right,0.0023883848645275593,0.00246021150216647,-3.0073309668673858,1.0,0
temporal_pole_left,superior_temporal_gyrus_right,0.0055634824926708015,0.004739556536613423,14.809536241783794,0.023299518105153717,8
temporal_pole_left,supramarginal_gyrus_right,0.0024452086908453865,0.0025702077869999727,-5.1120011401305,1.0,0
temporal_pole_left,frontal_pole_right,0.002337370673436284,0.002332257790944239,0.21874504331519984,1.0,0
temporal_pole_left,temporal_pole_right,0.010510824113883693,0.013321960797694318,-26.745159593122764,0.000339322177189533,18
temporal_pole_left,transverse_temporal_gyrus_right,0.0036331107219512468,0.005142471069127282,-41.544573306188646,0.00042919342601287783,18
temporal_pole_left,insula_right,0.005213954247862157,0.005714633034857373,-9.602669359833882,1.0,0
transverse_temporal_gyrus_left,insula_left,0.00846871640282383,0.008949097573170079,-5.672420087016611,1.0,0
transverse_temporal_gyrus_left,banks_superior_temporal_sulcus_right,0.005357179186311079,0.006087084078029458,-13.624798916255548,1.0,0
transverse_temporal_gyrus_left,caudal_anterior_cingulate_cortex_right,0.0043617595840604335,0.005392404427860941,-23.629107105464612,1.0,0
transverse_temporal_gyrus_left,caudal_middle_frontal_gyrus_right,0.003344111540522819,0.003173031380580378,5.115862849350241,1.0,0
transverse_temporal_gyrus_left,cuneus_right,0.002003310541148122,0.0020042065425236646,-0.04472603508736073,1.0,0
transverse_temporal_gyrus_left,entorhinal_cortex_right,0.007427980946540861,0.008799589620851542,-18.4654307029345,1.0,0
transverse_temporal_gyrus_left,fusiform_gyrus_right,0.0037304754227981568,0.002870187555679904,23.061078538696485,0.018420699693267165,9
transverse_temporal_gyrus_left,inferior_parietal_gyrus_right,0.0024268522690413046,0.002530353896069987,-4.264850743039631,1.0,0
transverse_temporal_gyrus_left,inferior_temporal_gyrus_right,0.002645387206435574,0.0025047426734112507,5.316595343100236,1.0,0
transverse_temporal_gyrus_left,cingulate_gyrus_isthmus_right,0.0032676697317784963,0.003632513390165775,-11.165255008458434,0.01151395399326447,10
transverse_temporal_gyrus_left,lateral_occipital_cortex_right,0.0014974639023911517,0.0013086526913881685,12.60873205033452,1.0,0
transverse_temporal_gyrus_left,lateral_orbitofrontal_cortex_right,0.0029839168661756356,0.0030183933229289295,-1.1554094265863704,1.0,0
transverse_temporal_gyrus_left,lingual_gyrus_right,0.0020881213930770293,0.0021660350904666894,-3.7312819861898676,0.018420699693267165,6
transverse_temporal_gyrus_left,medial_orbitofrontal_gyrus_right,0.0024056193445444038,0.002445425935351248,-1.6547335677658177,1.0,0
transverse_temporal_gyrus_left,middle_temporal_gyrus_right,0.0023964518786402504,0.0026277220962982527,-9.650526251719493,1.0,0
transverse_temporal_gyrus_left,parahippocampal_gyrus_right,0.006475796634756945,0.008343756658349213,-28.8452545524135,0.0372759372031494,3
transverse_temporal_gyrus_left,paracentral_gyrus_right,0.002369226963398628,0.0022517162082467,4.959877502970865,1.0,0
transverse_temporal_gyrus_left,inferior_frontal_gyrus_pars_opercularis_right,0.004678608191162378,0.004923082428126845,-5.225362479086508,0.04714866363457394,1
transverse_temporal_gyrus_left,inferior_frontal_gyrus_pars_orbitalis_right,0.0037725360513997373,0.004469225332738197,-18.467398902124856,1.0,0
transverse_temporal_gyrus_left,inferior_frontal_gyrus_pars_triangularis_right,0.0032547550168243906,0.004027338607533172,-23.737073503694248,0.023299518105153717,4
transverse_temporal_gyrus_left,pericalcarine_cortex_right,0.0031627495565183087,0.004044728027170215,-27.886446741702375,1.0,0
transverse_temporal_gyrus_left,postcentral_gyrus_right,0.005735304321466478,0.004647192839538489,18.972166443815947,0.018420699693267165,7
transverse_temporal_gyrus_left,posterior_cingulate_gyrus_right,0.00148513691493031,0.0014553739019574484,2.0040585264327815,1.0,0
transverse_temporal_gyrus_left,precentral_gyrus_right,0.0035385933605571484,0.004705724116577479,-32.98290131411333,1.0,0
transverse_temporal_gyrus_left,precuneus_right,0.001683469810593368,0.0015041737842291843,10.650385604538263,0.023299518105153717,3
transverse_temporal_gyrus_left,rostral_anterior_cingulate_cortex_right,0.003458616059390108,0.0036813728888950912,-6.440634799581195,1.0,0
transverse_temporal_gyrus_left,rostral_middle_frontal_gyrus_right,0.002767235584030672,0.0025814977538283464,6.712035334981695,1e-05,18
transverse_temporal_gyrus_left,superior_frontal_gyrus_right,0.002062183725788469,0.0021799174307957267,-5.709176322892514,0.014563484775012436,6
transverse_temporal_gyrus_left,superior_parietal_gyrus_right,0.0020968227120086473,0.0021301476308335757,-1.5893055065683102,0.01151395399326447,9
transverse_temporal_gyrus_left,superior_temporal_gyrus_right,0.0035767225491565515,0.003001978466962029,16.069014979371442,0.029470517025518096,2
transverse_temporal_gyrus_left,supramarginal_gyrus_right,0.003342541977982527,0.0033970808164609477,-1.6316575479880395,1.0,0
transverse_temporal_gyrus_left,frontal_pole_right,0.0017264647491172982,0.0018107026891668876,-4.879215755355465,1.0,0
transverse_temporal_gyrus_left,temporal_pole_right,0.003667061419666892,0.004309991055635877,-17.532557063835252,1.0,0
transverse_temporal_gyrus_left,transverse_temporal_gyrus_right,0.004325951791607462,0.0051012637625806965,-17.92234422208251,0.023299518105153717,8
transverse_temporal_gyrus_left,insula_right,0.005375840505215914,0.005816364856565881,-8.194520483309496,1.0,0
insula_left,banks_superior_temporal_sulcus_right,0.0032117565033852875,0.0037731691012855627,-17.47992406362467,1.0,0
insula_left,caudal_anterior_cingulate_cortex_right,0.014442951665527167,0.0038615258337516196,73.2635965059108,1.0,0
insula_left,caudal_middle_frontal_gyrus_right,0.0033945764930846923,0.003253754642137577,4.14843652025496,1.0,0
insula_left,cuneus_right,0.003038411511515966,0.003428985203497836,-12.854535684239815,1.0,0
insula_left,entorhinal_cortex_right,0.00493768269305921,0.004539762216817117,8.058850699366342,1.0,0
insula_left,fusiform_gyrus_right,0.0025276918369677324,0.0026444864456060782,-4.620603149886137,1.0,0
insula_left,inferior_parietal_gyrus_right,0.0033546786088148053,0.004025642200404275,-20.00083077485979,0.04714866363457394,0
insula_left,inferior_temporal_gyrus_right,0.005145291780098677,0.0044313609895156245,13.875418947948583,0.04714866363457394,0
insula_left,cingulate_gyrus_isthmus_right,0.002927343872338944,0.002784045194466914,4.8951774755978485,1.0,0
insula_left,lateral_occipital_cortex_right,0.0021848757327092424,0.002820801852331036,-29.10582556717064,1.0,0
insula_left,lateral_orbitofrontal_cortex_right,0.00600919366899745,0.006100058310081699,-1.512093736519711,1.0,0
insula_left,lingual_gyrus_right,0.003719489739828791,0.003317943266762293,10.795740844952059,0.0372759372031494,1
insula_left,medial_orbitofrontal_gyrus_right,0.0030749986820585344,0.0032933858611745113,-7.102025128992224,1.0,0
insula_left,middle_temporal_gyrus_right,0.003369727290599465,0.0022406899918820237,33.50530180490032,0.018420699693267165,5
insula_left,parahippocampal_gyrus_right,0.003494525502086424,0.003441292517392778,1.52332511701126,1.0,0
insula_left,paracentral_gyrus_right,0.0037552825537249374,0.004710757351890824,-25.44348619568274,1.0,0
insula_left,inferior_frontal_gyrus_pars_opercularis_right,0.0029443379302663895,0.0036934603859278803,-25.442815104912697,0.018420699693267165,10
insula_left,inferior_frontal_gyrus_pars_orbitalis_right,0.003780614644788663,0.004176911529133788,-10.482340084340397,1.0,0
insula_left,inferior_frontal_gyrus_pars_triangularis_right,0.004473587260244574,0.0028485740182591867,36.324612608462836,0.04714866363457394,0
insula_left,pericalcarine_cortex_right,0.003490116678599038,0.00435934714366803,-24.905484403974373,0.04714866363457394,0
insula_left,postcentral_gyrus_right,0.004943696323003424,0.005101632949921916,-3.194707291861757,0.04714866363457394,0
insula_left,posterior_cingulate_gyrus_right,0.002205621820123694,0.002477843405186088,-12.342169567724346,1.0,0
insula_left,precentral_gyrus_right,0.0018790885691441885,0.0015618053196336246,16.88495447849312,1.0,0
insula_left,precuneus_right,0.0021881578303187144,0.0027311869550282826,-24.81672561208593,1.0,0
insula_left,rostral_anterior_cingulate_cortex_right,0.008702560089558482,0.007943922642721557,8.717405441959016,0.05963623316594643,1
insula_left,rostral_middle_frontal_gyrus_right,0.004054735533577988,0.004172323244519984,-2.900009383305796,0.04714866363457394,0
insula_left,superior_frontal_gyrus_right,0.003435558246890129,0.00389400927693639,-13.344295078136176,1.0,0
insula_left,superior_parietal_gyrus_right,0.0012865793997361413,0.0005256317667174118,59.14501920167451,0.009102981779915217,9
insula_left,superior_temporal_gyrus_right,0.003656451305711317,0.004320652561429129,-18.165188052151564,0.023299518105153717,6
insula_left,supramarginal_gyrus_right,0.004247093231814873,0.004047979573974547,4.688233739461398,0.04714866363457394,0
insula_left,frontal_pole_right,0.004152349269551962,0.004622630047916167,-11.325655618920225,0.0017575106248547913,16
insula_left,temporal_pole_right,0.005324426865057782,0.005766903616467844,-8.31031700921411,1.0,0
insula_left,transverse_temporal_gyrus_right,0.00838202135641609,0.008008650876264414,4.454420530268339,0.04714866363457394,3
insula_left,insula_right,0.01298283778717405,0.012605486612149847,2.9065384718662535,0.014563484775012436,13
banks_superior_temporal_sulcus_right,caudal_anterior_cingulate_cortex_right,0.0035688167422086806,0.003573735445748658,-0.1378244918491686,1.0,0
banks_superior_temporal_sulcus_right,caudal_middle_frontal_gyrus_right,0.00622739821885742,0.005204977067429064,16.418110991076894,0.04714866363457394,2
banks_superior_temporal_sulcus_right,cuneus_right,0.003101759224555625,0.003521981730554148,-13.547876400971337,1.0,0
banks_superior_temporal_sulcus_right,entorhinal_cortex_right,0.003979888097054886,0.003974928450550347,0.12461773757430435,0.018420699693267165,4
banks_superior_temporal_sulcus_right,fusiform_gyrus_right,0.003483795903782486,0.003375468433683922,3.109466601672869,1.0,0
banks_superior_temporal_sulcus_right,inferior_parietal_gyrus_right,0.007939850977471427,0.01024186482746915,-28.99316191864897,0.0372759372031494,4
banks_superior_temporal_sulcus_right,inferior_temporal_gyrus_right,0.0037954427715758804,0.0031417144688627753,17.224032663827387,1.0,0
banks_superior_temporal_sulcus_right,cingulate_gyrus_isthmus_right,0.0031745275429679778,0.0036587326857738566,-15.252825381164541,1.0,0
banks_superior_temporal_sulcus_right,lateral_occipital_cortex_right,0.004628569178035257,0.003488264839824578,24.63621681667761,0.0372759372031494,1
banks_superior_temporal_sulcus_right,lateral_orbitofrontal_cortex_right,0.0031123369889148214,0.0031562091272488756,-1.4096204392491283,0.0372759372031494,0
banks_superior_temporal_sulcus_right,lingual_gyrus_right,0.00305234558406856,0.0028572435901929403,6.391871054638668,0.0035564803062231283,16
banks_superior_temporal_sulcus_right,medial_orbitofrontal_gyrus_right,0.003047185565197262,0.0032595569107087764,-6.9694260808093125,1.0,0
banks_superior_temporal_sulcus_right,middle_temporal_gyrus_right,0.004655314212426647,0.00860721338097974,-84.89006301667251,0.0372759372031494,3
banks_superior_temporal_sulcus_right,parahippocampal_gyrus_right,0.0030076516810381747,0.003078293072731828,-2.3487224979878505,0.023299518105153717,5
banks_superior_temporal_sulcus_right,paracentral_gyrus_right,0.006563172892058713,0.003403074476247007,48.14894362504684,0.029470517025518096,2
banks_superior_temporal_sulcus_right,inferior_frontal_gyrus_pars_opercularis_right,0.005443666276528754,0.005448027520096504,-0.08011592456640565,1.0,0
banks_superior_temporal_sulcus_right,inferior_frontal_gyrus_pars_orbitalis_right,0.003998899104812759,0.00411059407142584,-2.7931429047222767,1.0,0
banks_superior_temporal_sulcus_right,inferior_frontal_gyrus_pars_triangularis_right,0.006438791567407857,0.006734192078863559,-4.587825345224289,1e-05,18
banks_superior_temporal_sulcus_right,pericalcarine_cortex_right,0.0020501957297169686,0.0015990303927096423,22.005964136390528,0.023299518105153717,4
banks_superior_temporal_sulcus_right,postcentral_gyrus_right,0.004065004228162437,0.00335242931016751,17.529500044752552,0.018420699693267165,6
banks_superior_temporal_sulcus_right,posterior_cingulate_gyrus_right,0.003640840553912611,0.0039955652902602164,-9.742935212210883,0.018420699693267165,8
banks_superior_temporal_sulcus_right,precentral_gyrus_right,0.0043147653706066755,0.0038727104235996303,10.24516767512877,1.0,0
banks_superior_temporal_sulcus_right,precuneus_right,0.005257017792758918,0.004291361177946944,18.36890520214866,0.0372759372031494,2
banks_superior_temporal_sulcus_right,rostral_anterior_cingulate_cortex_right,0.0026194270733290227,0.001607794898659057,38.6203603440765,0.009102981779915217,10
banks_superior_temporal_sulcus_right,rostral_middle_frontal_gyrus_right,0.0036109310331535888,0.003991119303046845,-10.528815599150912,1.0,0
banks_superior_temporal_sulcus_right,superior_frontal_gyrus_right,0.006122721531756005,0.004721391781755422,22.88736704311097,1.0,0
banks_superior_temporal_sulcus_right,superior_parietal_gyrus_right,0.0066226974930265635,0.00739347505950205,-11.638423275215041,0.05963623316594643,0
banks_superior_temporal_sulcus_right,superior_temporal_gyrus_right,0.004852633219905164,0.004616153159872527,4.873231693312652,0.009102981779915217,13
banks_superior_temporal_sulcus_right,supramarginal_gyrus_right,0.00469526980958469,0.004317253382506603,8.051005424787805,1.0,0
banks_superior_temporal_sulcus_right,frontal_pole_right,0.0031856097108202675,0.0031006229728888475,2.667832711670652,0.029470517025518096,2
banks_superior_temporal_sulcus_right,temporal_pole_right,0.003780995816744305,0.004056085530094744,-7.275588936972433,0.023299518105153717,7
banks_superior_temporal_sulcus_right,transverse_temporal_gyrus_right,0.006036956505424202,0.004855744221634636,19.56635405155308,1.0,0
banks_superior_temporal_sulcus_right,insula_right,0.004530645221060468,0.004691029606590956,-3.5399899507679127,0.023299518105153717,10
caudal_anterior_cingulate_cortex_right,caudal_middle_frontal_gyrus_right,0.0023813051893971466,0.0026345413366561992,-10.634342392843905,1.0,0
caudal_anterior_cingulate_cortex_right,cuneus_right,0.003512744905020404,0.004091206139628414,-16.467499071204255,0.029470517025518096,3
caudal_anterior_cingulate_cortex_right,entorhinal_cortex_right,0.002881503462957571,0.003033345058397347,-5.269526738098252,0.01151395399326447,11
caudal_anterior_cingulate_cortex_right,fusiform_gyrus_right,0.005440610402989601,0.004658459165424395,14.376167003897509,0.0022229964825261957,17
caudal_anterior_cingulate_cortex_right,inferior_parietal_gyrus_right,0.0026684940709679715,0.0025133026316266197,5.815693616477008,0.005689866029018293,12
caudal_anterior_cingulate_cortex_right,inferior_temporal_gyrus_right,0.003026496381611333,0.002586385427510463,14.541928970242187,0.0372759372031494,0
caudal_anterior_cingulate_cortex_right,cingulate_gyrus_isthmus_right,0.0035817881515355834,0.0037795448016798724,-5.5211710402109295,1.0,0
caudal_anterior_cingulate_cortex_right,lateral_occipital_cortex_right,0.003361512288192614,0.003013206902494374,10.361568122825858,1.0,0
caudal_anterior_cingulate_cortex_right,lateral_orbitofrontal_cortex_right,0.0025920515714141328,0.002170508575417664,16.262909297228596,1.0,0
caudal_anterior_cingulate_cortex_right,lingual_gyrus_right,0.0025004697270758305,0.0027494151440545307,-9.955946048178275,1.0,0
caudal_anterior_cingulate_cortex_right,medial_orbitofrontal_gyrus_right,0.004864737033283523,0.0031926376248248276,34.371835456234066,1.0,0
caudal_anterior_cingulate_cortex_right,middle_temporal_gyrus_right,0.007555912606194298,0.00635930228514822,15.836741151096728,1.0,0
caudal_anterior_cingulate_cortex_right,parahippocampal_gyrus_right,0.005946510893060031,0.00678006251406533,-14.017490861374002,1.0,0
caudal_anterior_cingulate_cortex_right,paracentral_gyrus_right,0.0024307656100754286,0.0020645105687993573,15.067476673109018,0.029470517025518096,1
caudal_anterior_cingulate_cortex_right,inferior_frontal_gyrus_pars_opercularis_right,0.0033786262535653814,0.0019146419411071054,43.330756425436796,0.018420699693267165,6
caudal_anterior_cingulate_cortex_right,inferior_frontal_gyrus_pars_orbitalis_right,0.0049084369166380116,0.004041618679133094,17.659761187246488,1.0,0
caudal_anterior_cingulate_cortex_right,inferior_frontal_gyrus_pars_triangularis_right,0.004372860294390912,0.004157339459739682,4.928600964629031,0.014563484775012436,10
caudal_anterior_cingulate_cortex_right,pericalcarine_cortex_right,0.002053686069895476,0.00210998356814299,-2.741290359454946,1.0,0
caudal_anterior_cingulate_cortex_right,postcentral_gyrus_right,0.0026112198165112285,0.002925130044947108,-12.02159337375454,0.0372759372031494,0
caudal_anterior_cingulate_cortex_right,posterior_cingulate_gyrus_right,0.0033581545211898147,0.0029553984714753958,11.993374550606447,0.029470517025518096,2
caudal_anterior_cingulate_cortex_right,precentral_gyrus_right,0.004041566520301051,0.004067096783734737,-0.631692273415406,0.0372759372031494,1
caudal_anterior_cingulate_cortex_right,precuneus_right,0.002036570657236351,0.0021194987697840868,-4.071948707160014,1e-05,18
caudal_anterior_cingulate_cortex_right,rostral_anterior_cingulate_cortex_right,0.004964205367101959,0.0047668875925412895,3.9748108704024343,1.0,0
caudal_anterior_cingulate_cortex_right,rostral_middle_frontal_gyrus_right,0.0029132388942874118,0.004460551394129107,-53.11313476130742,1.0,0
caudal_anterior_cingulate_cortex_right,superior_frontal_gyrus_right,0.0029497529110105044,0.0023350847247290293,20.83795507030813,0.018420699693267165,6
caudal_anterior_cingulate_cortex_right,superior_parietal_gyrus_right,0.0031127712295426803,0.003478444598844264,-11.747518283099376,1.0,0
caudal_anterior_cingulate_cortex_right,superior_temporal_gyrus_right,0.0009754972087496867,0.0011089844061128744,-13.68401633196683,0.0071968567300115215,11
caudal_anterior_cingulate_cortex_right,supramarginal_gyrus_right,0.00622917291941037,0.005115475580390675,17.878735322138287,0.04714866363457394,1
caudal_anterior_cingulate_cortex_right,frontal_pole_right,0.00421349066642662,0.005200079282283018,-23.414994691161965,1.0,0
caudal_anterior_cingulate_cortex_right,temporal_pole_right,0.00249342264668279,0.00249342264668279,0.0,1.0,0
caudal_anterior_cingulate_cortex_right,transverse_temporal_gyrus_right,0.0032166093636813824,0.0034788961525396137,-8.154138697092094,0.018420699693267165,8
caudal_anterior_cingulate_cortex_right,insula_right,0.004209757984808195,0.004826504722927403,-14.65040841646646,1.0,0
caudal_middle_frontal_gyrus_right,cuneus_right,0.0026194640442851504,0.0026194640442851504,0.0,1.0,0
caudal_middle_frontal_gyrus_right,entorhinal_cortex_right,0.004155441016601841,0.003830480837322416,7.82011290693676,0.04714866363457394,0
caudal_middle_frontal_gyrus_right,fusiform_gyrus_right,0.0011071252472657895,0.00119811021718827,-8.218127998361656,0.023299518105153717,2
caudal_middle_frontal_gyrus_right,inferior_parietal_gyrus_right,0.004407992402142023,0.005593916551798881,-26.903951764539542,0.0005428675439323859,18
caudal_middle_frontal_gyrus_right,inferior_temporal_gyrus_right,0.002973557807322641,0.0024105294095173027,18.934503187354643,0.0005428675439323859,17
caudal_middle_frontal_gyrus_right,cingulate_gyrus_isthmus_right,0.00334110179219856,0.0029866510693344044,10.608797483865793,0.0010985411419875584,18
caudal_middle_frontal_gyrus_right,lateral_occipital_cortex_right,0.0037971810167167393,0.0033530446112958177,11.696477030345722,1.0,0
caudal_middle_frontal_gyrus_right,lateral_orbitofrontal_cortex_right,0.0021113372165814832,0.00326656677548555,-54.715539982501085,1.0,0
caudal_middle_frontal_gyrus_right,lingual_gyrus_right,0.003569240663462169,0.003596991463940553,-0.7774987201750014,1.0,0
caudal_middle_frontal_gyrus_right,medial_orbitofrontal_gyrus_right,0.0012003155018588795,0.0014683648724149372,-22.3315761681775,0.014563484775012436,6
caudal_middle_frontal_gyrus_right,middle_temporal_gyrus_right,0.003575335676981994,0.003376007689328905,5.575084569998907,0.0372759372031494,2
caudal_middle_frontal_gyrus_right,parahippocampal_gyrus_right,0.00418991191785385,0.004964844956788707,-18.495210737790195,0.0372759372031494,4
caudal_middle_frontal_gyrus_right,paracentral_gyrus_right,0.0035253084537373944,0.0028106171958358003,20.273155307698147,0.0372759372031494,0
caudal_middle_frontal_gyrus_right,inferior_frontal_gyrus_pars_opercularis_right,0.00682635108506899,0.006140879513760159,10.041551668916298,0.04714866363457394,1
caudal_middle_frontal_gyrus_right,inferior_frontal_gyrus_pars_orbitalis_right,0.00330898822276031,0.0025672387484209193,22.416201702907056,1.0,0
caudal_middle_frontal_gyrus_right,inferior_frontal_gyrus_pars_triangularis_right,0.003475968311434662,0.003259314064659883,6.232917776093242,1.0,0
caudal_middle_frontal_gyrus_right,pericalcarine_cortex_right,0.0016712736730083652,0.002233016565298502,-33.61166404775438,1.0,0
caudal_middle_frontal_gyrus_right,postcentral_gyrus_right,0.004036293287928584,0.007987005277221244,-97.87970564745946,1e-05,18
caudal_middle_frontal_gyrus_right,posterior_cingulate_gyrus_right,0.005600783023716582,0.006502680583512455,-16.103061946459565,1.0,0
caudal_middle_frontal_gyrus_right,precentral_gyrus_right,0.004231346165221328,0.004211562234979945,0.4675564103923619,1.0,0
caudal_middle_frontal_gyrus_right,precuneus_right,0.00283692223524836,0.002089907339007508,26.33187779909145,0.01151395399326447,8
caudal_middle_frontal_gyrus_right,rostral_anterior_cingulate_cortex_right,0.0024184165942471906,0.002213721009836926,8.464033239648794,1.0,0
caudal_middle_frontal_gyrus_right,rostral_middle_frontal_gyrus_right,0.0029633527703229806,0.0026225884528693123,11.499282868591033,0.029470517025518096,1
caudal_middle_frontal_gyrus_right,superior_frontal_gyrus_right,0.004325338353861478,0.004483147546314563,-3.6484820271274145,0.0017575106248547913,18
caudal_middle_frontal_gyrus_right,superior_parietal_gyrus_right,0.006404799581938623,0.005213630424333415,18.598070749384192,1.0,0
caudal_middle_frontal_gyrus_right,superior_temporal_gyrus_right,0.004730766588273794,0.003988339751265512,15.693584182498965,0.009102981779915217,11
caudal_middle_frontal_gyrus_right,supramarginal_gyrus_right,0.005913022508222251,0.004589867086199455,22.37697252433769,0.002811768697974231,14
caudal_middle_frontal_gyrus_right,frontal_pole_right,0.0030703718188402683,0.001178179925026814,61.627451183686524,1e-05,36
caudal_middle_frontal_gyrus_right,temporal_pole_right,0.0036624298336847697,0.004433200311517112,-21.045330909640114,0.023299518105153717,5
caudal_middle_frontal_gyrus_right,transverse_temporal_gyrus_right,0.0029037372134801316,0.0026608831467614235,8.3635001676907,1.0,0
caudal_middle_frontal_gyrus_right,insula_right,0.002026158016938788,0.002081898914303659,-2.7510636830332973,1.0,0
cuneus_right,entorhinal_cortex_right,0.002555096348160933,0.0026149908201430834,-2.3441179439382127,0.018420699693267165,7
cuneus_right,fusiform_gyrus_right,0.003929822162856767,0.0040534839466174755,-3.1467526680854547,0.029470517025518096,3
cuneus_right,inferior_parietal_gyrus_right,0.00469236547548864,0.004607552522108994,1.807466912427876,1.0,0
cuneus_right,inferior_temporal_gyrus_right,0.001339232712317928,0.001422418620534127,-6.211460297458076,0.01151395399326447,8
cuneus_right,cingulate_gyrus_isthmus_right,0.0027553648770977405,0.0028806343207221485,-4.546383118462183,1.0,0
cuneus_right,lateral_occipital_cortex_right,0.004033694654207916,0.004276648928569842,-6.023120121610538,0.029470517025518096,4
cuneus_right,lateral_orbitofrontal_cortex_right,0.00382401249843993,0.0043656539599000385,-14.164217864901865,0.04714866363457394,0
cuneus_right,lingual_gyrus_right,0.004153740705986882,0.0029159184577446846,29.80018099006748,1.0,0
cuneus_right,medial_orbitofrontal_gyrus_right,0.0030486706285234705,0.0030486706285234705,0.0,1.0,0
cuneus_right,middle_temporal_gyrus_right,0.002341818219797531,0.0029168683795358454,-24.555712944620954,1.0,0
cuneus_right,parahippocampal_gyrus_right,0.0025878573801428936,0.0025921993774305316,-0.1677834845519304,1.0,0
cuneus_right,paracentral_gyrus_right,0.0019136881352907914,0.0018369815364980798,4.0083123983551125,1.0,0
cuneus_right,inferior_frontal_gyrus_pars_opercularis_right,0.0033491551320876125,0.0033491551320876125,0.0,1.0,0
cuneus_right,inferior_frontal_gyrus_pars_orbitalis_right,0.002223685855681784,0.00289406776059795,-30.14732963306213,1.0,0
cuneus_right,inferior_frontal_gyrus_pars_triangularis_right,0.003826592573983932,0.0038660966821988164,-1.032357311396645,1.0,0
cuneus_right,pericalcarine_cortex_right,0.0019224705347799392,0.002768302278873573,-43.997123950222424,1.0,0
cuneus_right,postcentral_gyrus_right,0.003620979838559999,0.003336332913886672,7.861046936580738,1.0,0
cuneus_right,posterior_cingulate_gyrus_right,0.003343785857385409,0.003760804273673238,-12.471445064783738,1.0,0
cuneus_right,precentral_gyrus_right,0.00304245557876685,0.0036071089094576758,-18.55913146707923,1.0,0
cuneus_right,precuneus_right,0.004319429974638358,0.005969394678014544,-38.198667719212835,1.0,0
cuneus_right,rostral_anterior_cingulate_cortex_right,0.0029018515679961592,0.003089763296783111,-6.475580310839672,1.0,0
cuneus_right,rostral_middle_frontal_gyrus_right,0.0027977642645923445,0.0030860775599882775,-10.30513181702757,1.0,0
cuneus_right,superior_frontal_gyrus_right,0.004158963748308812,0.0029523571316967807,29.012193652870437,1.0,0
cuneus_right,superior_parietal_gyrus_right,0.004825785291438952,0.004268112858821191,11.556097068949246,1.0,0
cuneus_right,superior_temporal_gyrus_right,0.003284258138091847,0.0025425902700239025,22.582508343843315,1.0,0
cuneus_right,supramarginal_gyrus_right,0.003378241561543023,0.005252494248202142,-55.480126347242255,1.0,0
cuneus_right,frontal_pole_right,0.002057016564308573,0.0026287159467587302,-27.79264845843976,0.029470517025518096,1
cuneus_right,temporal_pole_right,0.003154676194904894,0.003449745260700666,-9.35338676826285,1.0,0
cuneus_right,transverse_temporal_gyrus_right,0.004829699245768676,0.0041904474327566135,13.235851353935017,0.0372759372031494,1
cuneus_right,insula_right,0.001866704482199595,0.0016413798566839448,12.07071754872219,0.018420699693267165,4
entorhinal_cortex_right,fusiform_gyrus_right,0.005173278915093276,0.00472429847505982,8.678836911799511,0.023299518105153717,4
entorhinal_cortex_right,inferior_parietal_gyrus_right,0.0028407274492347834,0.0032399048798786,-14.051944010022662,0.029470517025518096,2
entorhinal_cortex_right,inferior_temporal_gyrus_right,0.005602374060384106,0.005008501940041163,10.600365379783764,0.04714866363457394,1
entorhinal_cortex_right,cingulate_gyrus_isthmus_right,0.003262342650226084,0.0038200530160067713,-17.09539510639808,1.0,0
entorhinal_cortex_right,lateral_occipital_cortex_right,0.003936874369766215,0.003117435902922688,20.81444287723583,1.0,0
entorhinal_cortex_right,lateral_orbitofrontal_cortex_right,0.0030969880105560345,0.002993614493012662,3.337872706998725,0.0071968567300115215,13
entorhinal_cortex_right,lingual_gyrus_right,0.0025800986041191664,0.002544826482058844,1.3670842658497675,1.0,0
entorhinal_cortex_right,medial_orbitofrontal_gyrus_right,0.0018681702756694091,0.0018937013186022863,-1.3666336128664074,1.0,0
entorhinal_cortex_right,middle_temporal_gyrus_right,0.005712733976151591,0.005086744142479935,10.957797724958256,0.0372759372031494,3
entorhinal_cortex_right,parahippocampal_gyrus_right,0.007544509095885135,0.00799826163762288,-6.0143415028186,1.0,0
entorhinal_cortex_right,paracentral_gyrus_right,0.004107044952030668,0.004296445342500093,-4.611597698140094,1.0,0
entorhinal_cortex_right,inferior_frontal_gyrus_pars_opercularis_right,0.0024887190499214666,0.0018017219468907427,27.604445871558003,0.0372759372031494,0
entorhinal_cortex_right,inferior_frontal_gyrus_pars_orbitalis_right,0.0027837628913554733,0.002037152120664243,26.82019984567327,0.018420699693267165,6
entorhinal_cortex_right,inferior_frontal_gyrus_pars_triangularis_right,0.004239688739638257,0.005241312127695681,-23.624927431415294,1.0,0
entorhinal_cortex_right,pericalcarine_cortex_right,0.002982739710142361,0.003727255558375888,-24.96080518531041,0.0372759372031494,0
entorhinal_cortex_right,postcentral_gyrus_right,0.002103690360626112,0.0017730870126410698,15.715399669685521,0.023299518105153717,3
entorhinal_cortex_right,posterior_cingulate_gyrus_right,0.0026373685786402435,0.002276730240757273,13.674172840449403,1.0,0
entorhinal_cortex_right,precentral_gyrus_right,0.0019755721813877213,0.0019274515546632697,2.4357817536512276,1.0,0
entorhinal_cortex_right,precuneus_right,0.0026973185411199867,0.0027583390506980103,-2.2622656037016133,0.0372759372031494,0
entorhinal_cortex_right,rostral_anterior_cingulate_cortex_right,0.0019501149686708857,0.0022419698214864955,-14.966033157241263,0.018420699693267165,6
entorhinal_cortex_right,rostral_middle_frontal_gyrus_right,0.0020656717676644904,0.0023110935228125577,-11.880965746341609,1.0,0
entorhinal_cortex_right,superior_frontal_gyrus_right,0.0031891581609464806,0.0022743045656505047,28.686366405373416,0.023299518105153717,5
entorhinal_cortex_right,superior_parietal_gyrus_right,0.0043822519797825765,0.005486292678598121,-25.193455417648547,1.0,0
entorhinal_cortex_right,superior_temporal_gyrus_right,0.003521498682705356,0.003487961553974893,0.9523538627224052,1.0,0
entorhinal_cortex_right,supramarginal_gyrus_right,0.002122917416195418,0.0021692078864939107,-2.1805120606835398,0.023299518105153717,5
entorhinal_cortex_right,frontal_pole_right,0.0035053727762414206,0.003590854528183447,-2.438592338064626,1.0,0
entorhinal_cortex_right,temporal_pole_right,0.01307604095398375,0.012920589006476729,1.1888303811075296,0.09540954763499938,0
entorhinal_cortex_right,transverse_temporal_gyrus_right,0.0034254902977193633,0.004922288283739244,-43.69587579963152,1.0,0
entorhinal_cortex_right,insula_right,0.003072302778081064,0.004302734997926471,-40.04918488580497,1.0,0
fusiform_gyrus_right,inferior_parietal_gyrus_right,0.002220332204296584,0.001950968243058726,12.131696361319705,0.014563484775012436,8
fusiform_gyrus_right,inferior_temporal_gyrus_right,0.0036710866054826133,0.003666821779608387,0.11617339312716816,1.0,0
fusiform_gyrus_right,cingulate_gyrus_isthmus_right,0.0024899303111788882,0.002341129251077096,5.976113445172704,0.029470517025518096,1
fusiform_gyrus_right,lateral_occipital_cortex_right,0.005523280233392731,0.005130107981070921,7.118455622525962,1e-05,18
fusiform_gyrus_right,lateral_orbitofrontal_cortex_right,0.005075273520442012,0.009360045040676336,-84.42444536193506,1.0,0
fusiform_gyrus_right,lingual_gyrus_right,0.003487248608870489,0.0038815787065257595,-11.307771308653361,0.04714866363457394,0
fusiform_gyrus_right,medial_orbitofrontal_gyrus_right,0.0031327297684858313,0.0032121966327294184,-2.5366651488103455,1.0,0
fusiform_gyrus_right,middle_temporal_gyrus_right,0.003399719892766406,0.0025529492501711036,24.90707085595431,1.0,0
fusiform_gyrus_right,parahippocampal_gyrus_right,0.0029284745435935,0.003839221653541924,-31.09971066474957,1.0,0
fusiform_gyrus_right,paracentral_gyrus_right,0.002377953642176017,0.001979925535868289,16.73826180831266,0.029470517025518096,0
fusiform_gyrus_right,inferior_frontal_gyrus_pars_opercularis_right,0.0025048490590692187,0.0033555825322329766,-33.96346259202874,0.029470517025518096,1
fusiform_gyrus_right,inferior_frontal_gyrus_pars_orbitalis_right,0.003967073871231123,0.004505258122620003,-13.566277534979786,1.0,0
fusiform_gyrus_right,inferior_frontal_gyrus_pars_triangularis_right,0.0032303596331917017,0.004030171295514337,-24.759214240564138,1.0,0
fusiform_gyrus_right,pericalcarine_cortex_right,0.0016532850251517407,0.0017529893603183619,-6.030680351530443,1.0,0
fusiform_gyrus_right,postcentral_gyrus_right,0.0019334185527222737,0.0018622171582632348,3.6826684195611232,1.0,0
fusiform_gyrus_right,posterior_cingulate_gyrus_right,0.0016718360967727637,0.0017104141871810002,-2.3075282608567846,0.023299518105153717,1
fusiform_gyrus_right,precentral_gyrus_right,0.002685591880244216,0.0018471981186293485,31.21821181327922,0.014563484775012436,7
fusiform_gyrus_right,precuneus_right,0.0017652508599009782,0.001796365133130519,-1.762597823138077,0.029470517025518096,0
fusiform_gyrus_right,rostral_anterior_cingulate_cortex_right,0.0027610268450768997,0.002991247931821021,-8.338241518897997,1.0,0
fusiform_gyrus_right,rostral_middle_frontal_gyrus_right,0.0014950644346823968,0.0013094640259604209,12.414208004446566,1.0,0
fusiform_gyrus_right,superior_frontal_gyrus_right,0.002511678256289182,0.0022521663923655622,10.332209679874731,0.018420699693267165,6
fusiform_gyrus_right,superior_parietal_gyrus_right,0.005443412830363105,0.0074762891133508275,-37.345620226495285,1.0,0
fusiform_gyrus_right,superior_temporal_gyrus_right,0.003027780279936767,0.0031253689983968946,-3.223110973632666,1.0,0
fusiform_gyrus_right,supramarginal_gyrus_right,0.002701093022402637,0.0027307439199521443,-1.0977370014133288,0.023299518105153717,7
fusiform_gyrus_right,frontal_pole_right,0.0038072569183686547,0.004714703755407233,-23.834662500985196,0.029470517025518096,2
fusiform_gyrus_right,temporal_pole_right,0.005918752137826354,0.005312735328746328,10.238928662124787,1.0,0
fusiform_gyrus_right,transverse_temporal_gyrus_right,0.0035207103879911867,0.004339772186019903,-23.264106040146313,0.029470517025518096,2
fusiform_gyrus_right,insula_right,0.005830436731568335,0.005574227663327336,4.394337509123114,0.0372759372031494,2
inferior_parietal_gyrus_right,inferior_temporal_gyrus_right,0.0046389635113202885,0.0040205099173102315,13.33171930541958,0.014563484775012436,10
inferior_parietal_gyrus_right,cingulate_gyrus_isthmus_right,0.0023820210059156744,0.001506760379351252,36.74445457830725,0.0071968567300115215,14
inferior_parietal_gyrus_right,lateral_occipital_cortex_right,0.0023291690472812794,0.0027484821013495607,-18.002688751068714,0.0372759372031494,0
inferior_parietal_gyrus_right,lateral_orbitofrontal_cortex_right,0.004285064252920004,0.004944946142313007,-15.399579806611644,0.023299518105153717,9
inferior_parietal_gyrus_right,lingual_gyrus_right,0.0033297157211783193,0.001947667275741487,41.506499688440464,0.005689866029018293,14
inferior_parietal_gyrus_right,medial_orbitofrontal_gyrus_right,0.0010620223660915572,0.0011795455397725005,-11.065979157618951,1.0,0
inferior_parietal_gyrus_right,middle_temporal_gyrus_right,0.005330885709977521,0.007492104281991453,-40.54145388952722,1.0,0
inferior_parietal_gyrus_right,parahippocampal_gyrus_right,0.002977773732032677,0.003124554214451635,-4.92920200215358,0.0372759372031494,0
inferior_parietal_gyrus_right,paracentral_gyrus_right,0.002242541069903637,0.0030424877260809436,-35.67143839250537,1.0,0
inferior_parietal_gyrus_right,inferior_frontal_gyrus_pars_opercularis_right,0.004614055826026501,0.004881829568736133,-5.803435259694958,0.0071968567300115215,15
inferior_parietal_gyrus_right,inferior_frontal_gyrus_pars_orbitalis_right,0.004012650023994174,0.004982438327068907,-24.16827526137976,1.0,0
inferior_parietal_gyrus_right,inferior_frontal_gyrus_pars_triangularis_right,0.002126747242561429,0.002132613813041495,-0.2758470946928579,1.0,0
inferior_parietal_gyrus_right,pericalcarine_cortex_right,0.0037536860478089734,0.004176905768986959,-11.274776733792615,0.0372759372031494,1
inferior_parietal_gyrus_right,postcentral_gyrus_right,0.0033954590946612268,0.003390737701517097,0.13905021419793587,0.018420699693267165,6
inferior_parietal_gyrus_right,posterior_cingulate_gyrus_right,0.0029677277524858166,0.0023892550975680212,19.492106526053725,1.0,0
inferior_parietal_gyrus_right,precentral_gyrus_right,0.002821607906569723,0.0026925436665096434,4.574138021075543,0.0372759372031494,0
inferior_parietal_gyrus_right,precuneus_right,0.002518376274106369,0.0038365905597593703,-52.34381768946589,1.0,0
inferior_parietal_gyrus_right,rostral_anterior_cingulate_cortex_right,0.00273481440430844,0.003271690396406977,-19.631167338183534,1.0,0
inferior_parietal_gyrus_right,rostral_middle_frontal_gyrus_right,0.008001944384099555,0.007050401571114559,11.891394982396786,0.05963623316594643,0
inferior_parietal_gyrus_right,superior_frontal_gyrus_right,0.002971341386628412,0.002763623363742503,6.990715500436232,1.0,0
inferior_parietal_gyrus_right,superior_parietal_gyrus_right,0.006978159054017678,0.0070018379474957124,-0.3393286580993242,1.0,0
inferior_parietal_gyrus_right,superior_temporal_gyrus_right,0.003516406558856464,0.0035292857945573683,-0.36626128080857634,0.01151395399326447,11
inferior_parietal_gyrus_right,supramarginal_gyrus_right,0.00427209805173254,0.004218114212230661,1.2636376517619037,0.0071968567300115215,14
inferior_parietal_gyrus_right,frontal_pole_right,0.004272249143503519,0.004406534794260911,-3.143207389053841,0.04714866363457394,0
inferior_parietal_gyrus_right,temporal_pole_right,0.0024637698885265715,0.0027414150582734977,-11.269119370274003,1.0,0
inferior_parietal_gyrus_right,transverse_temporal_gyrus_right,0.0032003010563592454,0.0032227771004660366,-0.7023103049048934,1.0,0
inferior_parietal_gyrus_right,insula_right,0.0022540913594731554,0.0035509763336646406,-57.534712102113005,0.023299518105153717,4
inferior_temporal_gyrus_right,cingulate_gyrus_isthmus_right,0.0015972060336800682,0.0014693271470533685,8.006411441613345,0.023299518105153717,2
inferior_temporal_gyrus_right,lateral_occipital_cortex_right,0.008501733555640567,0.006016663309490436,29.230159118564526,1e-05,18
inferior_temporal_gyrus_right,lateral_orbitofrontal_cortex_right,0.004578726189084842,0.004491094054159298,1.913897693521169,1.0,0
inferior_temporal_gyrus_right,lingual_gyrus_right,0.0036345261384506215,0.0033978678158929822,6.511394155457234,0.0372759372031494,3
inferior_temporal_gyrus_right,medial_orbitofrontal_gyrus_right,0.003014277072502503,0.0037437210660330603,-24.199633145368452,0.023299518105153717,4
inferior_temporal_gyrus_right,middle_temporal_gyrus_right,0.007478990664120945,0.0073712641977324725,1.4403877638899902,1.0,0
inferior_temporal_gyrus_right,parahippocampal_gyrus_right,0.005659109042406326,0.006120306721715212,-8.149651753534313,1.0,0
inferior_temporal_gyrus_right,paracentral_gyrus_right,0.012569308278929736,0.005532770671366622,55.98190012857468,0.0372759372031494,4
inferior_temporal_gyrus_right,inferior_frontal_gyrus_pars_opercularis_right,0.00401137150004022,0.0035967340257010683,10.336551334998372,1.0,0
inferior_temporal_gyrus_right,inferior_frontal_gyrus_pars_orbitalis_right,0.005696967935081866,0.005346518090655013,6.151515129105553,1.0,0
inferior_temporal_gyrus_right,inferior_frontal_gyrus_pars_triangularis_right,0.003304511492837229,0.0036695993886077354,-11.048165411494596,1.0,0
inferior_temporal_gyrus_right,pericalcarine_cortex_right,0.0025630576464992527,0.0023825476902303864,7.042758344332032,0.029470517025518096,1
inferior_temporal_gyrus_right,postcentral_gyrus_right,0.0022045107785160817,0.002249414954444687,-2.036922493925451,0.029470517025518096,2
inferior_temporal_gyrus_right,posterior_cingulate_gyrus_right,0.0023837974903809277,0.0010774486103652765,54.80116852572482,0.029470517025518096,2
inferior_temporal_gyrus_right,precentral_gyrus_right,0.00280647203934993,0.0027432719723380857,2.2519400202712663,1.0,0
inferior_temporal_gyrus_right,precuneus_right,0.0034722187484669273,0.0034303689749802437,1.205274682223329,1.0,0
inferior_temporal_gyrus_right,rostral_anterior_cingulate_cortex_right,0.0015200400437837115,0.0016094389819397432,-5.881354147322211,0.0071968567300115215,12
inferior_temporal_gyrus_right,rostral_middle_frontal_gyrus_right,0.004367969229669924,0.003908333882933648,10.522861370317147,1.0,0
inferior_temporal_gyrus_right,superior_frontal_gyrus_right,0.0035997825142943295,0.001875804469286156,47.891172262836754,1.0,0
inferior_temporal_gyrus_right,superior_parietal_gyrus_right,0.005144892304493852,0.005245471895714685,-1.9549406531402296,1.0,0
inferior_temporal_gyrus_right,superior_temporal_gyrus_right,0.0018555091202771968,0.0028968351785620926,-56.12077283292096,1.0,0
inferior_temporal_gyrus_right,supramarginal_gyrus_right,0.0047254117368218836,0.00436746633240788,7.574904036928273,0.014563484775012436,9
inferior_temporal_gyrus_right,frontal_pole_right,0.002828667012579856,0.002877659114571999,-1.731985482004832,1.0,0
inferior_temporal_gyrus_right,temporal_pole_right,0.009727355171833,0.008922108562436783,8.278166008864646,0.05963623316594643,2
inferior_temporal_gyrus_right,transverse_temporal_gyrus_right,0.0030562332451383742,0.0028362090989080837,7.19919353603945,0.023299518105153717,3
inferior_temporal_gyrus_right,insula_right,0.0036458064372354073,0.0032536161376651956,10.757299004266589,1.0,0
cingulate_gyrus_isthmus_right,lateral_occipital_cortex_right,0.003468321780220815,0.0027365528070815667,21.09864711262919,0.014563484775012436,12
cingulate_gyrus_isthmus_right,lateral_orbitofrontal_cortex_right,0.002081683277927044,0.002083261584901916,-0.0758187852881893,0.023299518105153717,2
cingulate_gyrus_isthmus_right,lingual_gyrus_right,0.0022220046242132376,0.00215936161254878,2.819211579572563,1.0,0
cingulate_gyrus_isthmus_right,medial_orbitofrontal_gyrus_right,0.0025606231149320506,0.0021440336612665407,16.269065573774007,0.009102981779915217,12
cingulate_gyrus_isthmus_right,middle_temporal_gyrus_right,0.002298607559064092,0.002588971959761526,-12.632186801633056,0.023299518105153717,4
cingulate_gyrus_isthmus_right,parahippocampal_gyrus_right,0.0034557862466797346,0.0031720704343743845,8.209877349270077,0.0372759372031494,1
cingulate_gyrus_isthmus_right,paracentral_gyrus_right,0.00394979284197947,0.003772728078659826,4.482887341274001,0.04714866363457394,0
cingulate_gyrus_isthmus_right,inferior_frontal_gyrus_pars_opercularis_right,0.004112519599515526,0.0039009177945212893,5.14530812252334,1.0,0
cingulate_gyrus_isthmus_right,inferior_frontal_gyrus_pars_orbitalis_right,0.002246538932587092,0.00145985523738816,35.017585664228605,0.018420699693267165,6
cingulate_gyrus_isthmus_right,inferior_frontal_gyrus_pars_triangularis_right,0.0029464742538165994,0.0033048207119527875,-12.161873047830579,0.0372759372031494,0
cingulate_gyrus_isthmus_right,pericalcarine_cortex_right,0.0032590185373542755,0.003636194835747674,-11.57330938962981,0.0372759372031494,1
cingulate_gyrus_isthmus_right,postcentral_gyrus_right,0.0023442830890506943,0.0034930424573394983,-49.00258734340776,0.018420699693267165,6
cingulate_gyrus_isthmus_right,posterior_cingulate_gyrus_right,0.00379909009582274,0.0030176506911704197,20.569120103562323,1.0,0
cingulate_gyrus_isthmus_right,precentral_gyrus_right,0.0026733452610635255,0.003189035739346125,-19.290081449391405,0.0372759372031494,1
cingulate_gyrus_isthmus_right,precuneus_right,0.0031869315466162896,0.0024258219534301064,23.882207134140923,0.014563484775012436,9
cingulate_gyrus_isthmus_right,rostral_anterior_cingulate_cortex_right,0.004419657621802221,0.004367773968851871,1.173929235930117,0.0372759372031494,1
cingulate_gyrus_isthmus_right,rostral_middle_frontal_gyrus_right,0.003241321864530021,0.0032422554937846294,-0.028803966209745676,0.029470517025518096,3
cingulate_gyrus_isthmus_right,superior_frontal_gyrus_right,0.00362493546269807,0.0027384919633907726,24.454049139057226,0.014563484775012436,11
cingulate_gyrus_isthmus_right,superior_parietal_gyrus_right,0.002683296569438136,0.002498949308238864,6.870178395445606,0.0372759372031494,0
cingulate_gyrus_isthmus_right,superior_temporal_gyrus_right,0.0019124649739545973,0.0019292120284097405,-0.8756790154704702,0.029470517025518096,0
cingulate_gyrus_isthmus_right,supramarginal_gyrus_right,0.0028600892801429172,0.002467502083359841,13.726396567713397,0.023299518105153717,3
cingulate_gyrus_isthmus_right,frontal_pole_right,0.002296419544929254,0.002063407719334436,10.14674457502044,0.029470517025518096,3
cingulate_gyrus_isthmus_right,temporal_pole_right,0.002854725839377892,0.0030590108412116425,-7.15602875119765,0.0372759372031494,0
cingulate_gyrus_isthmus_right,transverse_temporal_gyrus_right,0.0038111889989328623,0.003257845818968544,14.518912080173799,0.01151395399326447,9
cingulate_gyrus_isthmus_right,insula_right,0.0029429596377872924,0.0031125567862366195,-5.762809189487942,1.0,0
lateral_occipital_cortex_right,lateral_orbitofrontal_cortex_right,0.002625307255089912,0.0023695355196176574,9.742544800284533,0.029470517025518096,3
lateral_occipital_cortex_right,lingual_gyrus_right,0.003592950074565314,0.0042086207417076135,-17.1355196806286,1.0,0
lateral_occipital_cortex_right,medial_orbitofrontal_gyrus_right,0.0022892545119572675,0.0026705544772949014,-16.6560757375828,1.0,0
lateral_occipital_cortex_right,middle_temporal_gyrus_right,0.002516326083609539,0.002523044223247192,-0.2669820768227273,0.0372759372031494,0
lateral_occipital_cortex_right,parahippocampal_gyrus_right,0.00410216256221977,0.0039440971442398914,3.8532216991017076,0.029470517025518096,3
lateral_occipital_cortex_right,paracentral_gyrus_right,0.00260005851327966,0.0014781012995718457,43.15122940416447,1.0,0
lateral_occipital_cortex_right,inferior_frontal_gyrus_pars_opercularis_right,0.004563901978394728,0.004276033118230913,6.307516277224414,1.0,0
lateral_occipital_cortex_right,inferior_frontal_gyrus_pars_orbitalis_right,0.0028429321073901335,0.0028436809310511545,-0.026339836223116874,1.0,0
lateral_occipital_cortex_right,inferior_frontal_gyrus_pars_triangularis_right,0.0052035141124776195,0.005011171465383371,3.6963990667965345,0.00026826957952797245,18
lateral_occipital_cortex_right,pericalcarine_cortex_right,0.0022576197480265177,0.002260806625362414,-0.14116094345303576,0.0372759372031494,0
lateral_occipital_cortex_right,postcentral_gyrus_right,0.0046291500328359955,0.0014920022234530277,67.76941311321099,0.01151395399326447,7
lateral_occipital_cortex_right,posterior_cingulate_gyrus_right,0.002055273645965901,0.002589550067062656,-25.995391034446204,1.0,0
lateral_occipital_cortex_right,precentral_gyrus_right,0.00410623490102625,0.0029948209319309786,27.06649755515696,0.029470517025518096,1
lateral_occipital_cortex_right,precuneus_right,0.003415545209912705,0.0030867449544206772,9.626581856910377,1.0,0
lateral_occipital_cortex_right,rostral_anterior_cingulate_cortex_right,0.0032443035803445394,0.0031676760108542653,2.3619111958115937,1.0,0
lateral_occipital_cortex_right,rostral_middle_frontal_gyrus_right,0.003741798323563064,0.0026540316208811727,29.070692982888612,1.0,0
lateral_occipital_cortex_right,superior_frontal_gyrus_right,0.0026995747403883233,0.002582558711639862,4.334609707143317,1.0,0
lateral_occipital_cortex_right,superior_parietal_gyrus_right,0.004255707610783644,0.0057692716448315496,-35.5655080770269,0.04714866363457394,0
lateral_occipital_cortex_right,superior_temporal_gyrus_right,0.00492940814995289,0.004313784866514572,12.488786984380699,0.029470517025518096,5
lateral_occipital_cortex_right,supramarginal_gyrus_right,0.002184882844507156,0.002235153771878818,-2.300852308765395,1.0,0
lateral_occipital_cortex_right,frontal_pole_right,0.003861397142810879,0.003861397142810879,0.0,0.04714866363457394,0
lateral_occipital_cortex_right,temporal_pole_right,0.001696895960967531,0.001696895960967531,0.0,1.0,0
lateral_occipital_cortex_right,transverse_temporal_gyrus_right,0.004830192664843495,0.0033540191119072068,30.5613803706134,1.0,0
lateral_occipital_cortex_right,insula_right,0.004124943776820364,0.004102149558747873,0.5525946365761518,0.0372759372031494,1
lateral_orbitofrontal_cortex_right,lingual_gyrus_right,0.00279554334646106,0.0028427421421433068,-1.6883585705081867,0.0372759372031494,1
lateral_orbitofrontal_cortex_right,medial_orbitofrontal_gyrus_right,0.0031742211532413116,0.0030310509202197745,4.510405107575472,1.0,0
lateral_orbitofrontal_cortex_right,middle_temporal_gyrus_right,0.00469911327904802,0.0036261737920680014,22.83280745250267,1.0,0
lateral_orbitofrontal_cortex_right,parahippocampal_gyrus_right,0.004296493374402186,0.004719239074761886,-9.839319266226523,0.014563484775012436,10
lateral_orbitofrontal_cortex_right,paracentral_gyrus_right,0.002401572550895619,0.002576619275688009,-7.288837671262933,1.0,0
lateral_orbitofrontal_cortex_right,inferior_frontal_gyrus_pars_opercularis_right,0.004604224648078939,0.004682398929529426,-1.6978815636874671,0.0372759372031494,2
lateral_orbitofrontal_cortex_right,inferior_frontal_gyrus_pars_orbitalis_right,0.011395033523120879,0.012478872900924743,-9.511506706888753,1e-05,34
lateral_orbitofrontal_cortex_right,inferior_frontal_gyrus_pars_triangularis_right,0.0038857854659229856,0.003462105688802253,10.903323944058666,0.0372759372031494,2
lateral_orbitofrontal_cortex_right,pericalcarine_cortex_right,0.0022391212668621814,0.0026918910749365475,-20.220870337624024,0.018420699693267165,4
lateral_orbitofrontal_cortex_right,postcentral_gyrus_right,0.0014999536977422154,0.0013415105587497825,10.563201999563535,1.0,0
lateral_orbitofrontal_cortex_right,posterior_cingulate_gyrus_right,0.001665435829099049,0.001757633254426519,-5.535933820839314,0.018420699693267165,2
lateral_orbitofrontal_cortex_right,precentral_gyrus_right,0.00567623298858659,0.003315150303793559,41.59594381591711,1.0,0
lateral_orbitofrontal_cortex_right,precuneus_right,0.000995799994046188,0.001408284601746132,-41.4224352446433,1.0,0
lateral_orbitofrontal_cortex_right,rostral_anterior_cingulate_cortex_right,0.0045813140799781365,0.004358319052793071,4.8674904905478416,0.009102981779915217,13
lateral_orbitofrontal_cortex_right,rostral_middle_frontal_gyrus_right,0.00258849707032651,0.0024778664113143238,4.273934101777121,1.0,0
lateral_orbitofrontal_cortex_right,superior_frontal_gyrus_right,0.0015733598518154746,0.0013845114689837394,12.002872871951455,0.014563484775012436,4
lateral_orbitofrontal_cortex_right,superior_parietal_gyrus_right,0.0030276702587515663,0.0030369201812347492,-0.30551287599585186,1.0,0
lateral_orbitofrontal_cortex_right,superior_temporal_gyrus_right,0.004310738777223218,0.005365228794941809,-24.4619326805473,1.0,0
lateral_orbitofrontal_cortex_right,supramarginal_gyrus_right,0.0033392901230215578,0.00279825641996707,16.202057417069625,0.029470517025518096,3
lateral_orbitofrontal_cortex_right,frontal_pole_right,0.0036770654909344495,0.002940762474641445,20.024201856298415,0.029470517025518096,2
lateral_orbitofrontal_cortex_right,temporal_pole_right,0.0035745289584926516,0.003826454300891357,-7.047791340455111,1.0,0
lateral_orbitofrontal_cortex_right,transverse_temporal_gyrus_right,0.002008657967421808,0.0020380108128498016,-1.4613162571260978,1.0,0
lateral_orbitofrontal_cortex_right,insula_right,0.0060728913634637265,0.005480877137674825,9.748473838189014,0.029470517025518096,5
lingual_gyrus_right,medial_orbitofrontal_gyrus_right,0.0022440059845778002,0.0022602196403587937,-0.722531753142539,0.029470517025518096,3
lingual_gyrus_right,middle_temporal_gyrus_right,0.003956701165006727,0.003380151170213884,14.5714819176106,0.029470517025518096,2
lingual_gyrus_right,parahippocampal_gyrus_right,0.006240564493890012,0.007530553733920881,-20.67103450807803,1.0,0
lingual_gyrus_right,paracentral_gyrus_right,0.00306575046897541,0.0030793349910335707,-0.4431059277534967,1.0,0
lingual_gyrus_right,inferior_frontal_gyrus_pars_opercularis_right,0.0036822473610746216,0.0017055655115663297,53.68139768131764,0.0071968567300115215,10
lingual_gyrus_right,inferior_frontal_gyrus_pars_orbitalis_right,0.0020126697030401286,0.0012024458695517337,40.25617478439485,0.009102981779915217,10
lingual_gyrus_right,inferior_frontal_gyrus_pars_triangularis_right,0.0011134002613101864,0.0014924539853304068,-34.04469508334508,0.009102981779915217,8
lingual_gyrus_right,pericalcarine_cortex_right,0.00381236752685345,0.0038981012568103574,-2.2488317129190376,1.0,0
lingual_gyrus_right,postcentral_gyrus_right,0.0021008798774481943,0.0022290874915735447,-6.102567571882122,1.0,0
lingual_gyrus_right,posterior_cingulate_gyrus_right,0.002392424865167405,0.0026236058200866243,-9.663039298960092,0.01151395399326447,10
lingual_gyrus_right,precentral_gyrus_right,0.0014538549030240384,0.001662183302877703,-14.329380423062752,1.0,0
lingual_gyrus_right,precuneus_right,0.002091773732815424,0.0023053988712642064,-10.212631275432136,1.0,0
lingual_gyrus_right,rostral_anterior_cingulate_cortex_right,0.0020767392076011556,0.0020827596739356295,-0.28989996974286114,0.005689866029018293,13
lingual_gyrus_right,rostral_middle_frontal_gyrus_right,0.0013111847876423343,0.0025595269065497046,-95.20718442379409,1.0,0
lingual_gyrus_right,superior_frontal_gyrus_right,0.0011486762902149271,0.0012902453270205534,-12.324537209620432,1.0,0
lingual_gyrus_right,superior_parietal_gyrus_right,0.005846635226876654,0.013486053430326097,-130.66349972256634,1.0,0
lingual_gyrus_right,superior_temporal_gyrus_right,0.0032118710778943982,0.0021604882020827333,32.73428012250475,0.0035564803062231283,17
lingual_gyrus_right,supramarginal_gyrus_right,0.003043929679847738,0.0031621058564079416,-3.88235567143966,1e-05,18
lingual_gyrus_right,frontal_pole_right,0.002807899200643279,0.0033153596155041246,-18.072600852074334,0.0372759372031494,1
lingual_gyrus_right,temporal_pole_right,0.0016879446205257751,0.0011845752253298455,29.821440174923268,0.01151395399326447,7
lingual_gyrus_right,transverse_temporal_gyrus_right,0.0026528334444813296,0.0025068789862302057,5.5018327122930355,1.0,0
lingual_gyrus_right,insula_right,0.005694862891730526,0.00536747444231578,5.748838130767731,1.0,0
medial_orbitofrontal_gyrus_right,middle_temporal_gyrus_right,0.0017614431061774977,0.0020231130539864525,-14.855430010271744,1.0,0
medial_orbitofrontal_gyrus_right,parahippocampal_gyrus_right,0.0037518739084691946,0.003581044944809787,4.553163774341969,0.0022229964825261957,17
medial_orbitofrontal_gyrus_right,paracentral_gyrus_right,0.0037970079113853494,0.0036298068050221537,4.403496391509805,0.0035564803062231283,14
medial_orbitofrontal_gyrus_right,inferior_frontal_gyrus_pars_opercularis_right,0.0035774852866718517,0.003279155473365341,8.339092669869455,0.023299518105153717,6
medial_orbitofrontal_gyrus_right,inferior_frontal_gyrus_pars_orbitalis_right,0.002047261609768814,0.002367398492086449,-15.637321619770248,0.002811768697974231,18
medial_orbitofrontal_gyrus_right,inferior_frontal_gyrus_pars_triangularis_right,0.00294665908133084,0.0025421319483474964,13.728331707807929,0.023299518105153717,3
medial_orbitofrontal_gyrus_right,pericalcarine_cortex_right,0.002078294713187228,0.001236747410249764,40.49220245798948,0.0010985411419875584,17
medial_orbitofrontal_gyrus_right,postcentral_gyrus_right,0.0033029207475801896,0.002627593360483359,20.44636970449848,0.018420699693267165,8
medial_orbitofrontal_gyrus_right,posterior_cingulate_gyrus_right,0.001785238063850325,0.0024505240586999173,-37.265953954327635,1.0,0
medial_orbitofrontal_gyrus_right,precentral_gyrus_right,0.0047444217441054105,0.0049006059879951255,-3.291955317500226,0.0372759372031494,3
medial_orbitofrontal_gyrus_right,precuneus_right,0.0025808403184247597,0.0025808403184247597,0.0,1.0,0
medial_orbitofrontal_gyrus_right,rostral_anterior_cingulate_cortex_right,0.005858512350032215,0.01008590499188259,-72.15812461037365,1.0,0
medial_orbitofrontal_gyrus_right,rostral_middle_frontal_gyrus_right,0.0035019298350737493,0.0031091513400022795,11.216058389793467,0.018420699693267165,5
medial_orbitofrontal_gyrus_right,superior_frontal_gyrus_right,0.003255284137822444,0.003041149199151643,6.578072131486573,1.0,0
medial_orbitofrontal_gyrus_right,superior_parietal_gyrus_right,0.0029882150635190223,0.0026702415505518652,10.640917946270601,0.0372759372031494,0
medial_orbitofrontal_gyrus_right,superior_temporal_gyrus_right,0.0029873796796070075,0.003360891199051172,-12.502981190971363,0.0372759372031494,1
medial_orbitofrontal_gyrus_right,supramarginal_gyrus_right,0.0027498511643180164,0.0031985264037534275,-16.316346326572404,0.023299518105153717,4
medial_orbitofrontal_gyrus_right,frontal_pole_right,0.008335693157767768,0.009183871407073184,-10.17525757309128,1.0,0
medial_orbitofrontal_gyrus_right,temporal_pole_right,0.0029585217191384996,0.0029258408728425438,1.1046343207334055,1.0,0
medial_orbitofrontal_gyrus_right,transverse_temporal_gyrus_right,0.005677552916694837,0.006506057265340147,-14.592631029630642,0.05963623316594643,0
medial_orbitofrontal_gyrus_right,insula_right,0.003097702380891301,0.002671591846211304,13.75569639318909,0.04714866363457394,0
middle_temporal_gyrus_right,parahippocampal_gyrus_right,0.0024834118069764206,0.002806845865065089,-13.023778705572505,0.0372759372031494,1
middle_temporal_gyrus_right,paracentral_gyrus_right,0.0014166831193339518,0.001919577827919501,-35.4980377561062,0.014563484775012436,6
middle_temporal_gyrus_right,inferior_frontal_gyrus_pars_opercularis_right,0.003294178125316864,0.002929008038869327,11.08531696088571,0.014563484775012436,11
middle_temporal_gyrus_right,inferior_frontal_gyrus_pars_orbitalis_right,0.007282851195977006,0.00612622691979828,15.881476156174065,1.0,0
middle_temporal_gyrus_right,inferior_frontal_gyrus_pars_triangularis_right,0.005432294151386066,0.006308096579906531,-16.122146631124558,1.0,0
middle_temporal_gyrus_right,pericalcarine_cortex_right,0.0026418852964280332,0.0026996881060552093,-2.1879378981868935,1.0,0
middle_temporal_gyrus_right,postcentral_gyrus_right,0.00195960373507325,0.001783941329500574,8.96417997315716,0.018420699693267165,5
middle_temporal_gyrus_right,posterior_cingulate_gyrus_right,0.0017952354424949982,0.0016674417216549643,7.1184936423953165,0.014563484775012436,7
middle_temporal_gyrus_right,precentral_gyrus_right,0.0017932614474502724,0.0018043755350790843,-0.6197695068175593,1.0,0
middle_temporal_gyrus_right,precuneus_right,0.004418310930203446,0.004783703261839327,-8.269955134621005,1.0,0
middle_temporal_gyrus_right,rostral_anterior_cingulate_cortex_right,0.003279082712931114,0.0050392592621756275,-53.67893107127887,1.0,0
middle_temporal_gyrus_right,rostral_middle_frontal_gyrus_right,0.0021270884952507706,0.0019054946819648479,10.417705411913207,1.0,0
middle_temporal_gyrus_right,superior_frontal_gyrus_right,0.002777453481228426,0.002431746621353163,12.446900090739303,1.0,0
middle_temporal_gyrus_right,superior_parietal_gyrus_right,0.006192992333653992,0.005256960639733944,15.114368684641496,1.0,0
middle_temporal_gyrus_right,superior_temporal_gyrus_right,0.0064221378158520635,0.006602549946048707,-2.8092223395038975,0.0372759372031494,2
middle_temporal_gyrus_right,supramarginal_gyrus_right,0.003071032298510129,0.002898003812328415,5.634212517584276,0.018420699693267165,12
middle_temporal_gyrus_right,frontal_pole_right,0.0032459246957155306,0.003333795490269661,-2.7071113100718454,0.029470517025518096,3
middle_temporal_gyrus_right,temporal_pole_right,0.003492390298015085,0.0036742157895509235,-5.206333657471785,0.023299518105153717,9
middle_temporal_gyrus_right,transverse_temporal_gyrus_right,0.0021338452143863412,0.002083310187367759,2.368261140867956,1.0,0
middle_temporal_gyrus_right,insula_right,0.00741700085787169,0.006285606481373258,15.254068297668852,0.05963623316594643,0
parahippocampal_gyrus_right,paracentral_gyrus_right,0.005155372040090072,0.005582211783421258,-8.279513874302816,1.0,0
parahippocampal_gyrus_right,inferior_frontal_gyrus_pars_opercularis_right,0.0031024817279161395,0.009035767704583983,-191.24322065397257,0.04714866363457394,0
parahippocampal_gyrus_right,inferior_frontal_gyrus_pars_orbitalis_right,0.0021654916026176106,0.0021654916026176106,0.0,1.0,0
parahippocampal_gyrus_right,inferior_frontal_gyrus_pars_triangularis_right,0.0023323533646877606,0.0024738725117805357,-6.067654637388994,0.023299518105153717,5
parahippocampal_gyrus_right,pericalcarine_cortex_right,0.005022682384263794,0.00631691141791454,-25.767686161195506,1.0,0
parahippocampal_gyrus_right,postcentral_gyrus_right,0.005048122504031177,0.004934111420009821,2.2584848907749957,1.0,0
parahippocampal_gyrus_right,posterior_cingulate_gyrus_right,0.006189724857713312,0.007255024643514676,-17.2107777048255,0.05963623316594643,0
parahippocampal_gyrus_right,precentral_gyrus_right,0.003627685716951191,0.0038912974981953757,-7.266665356714845,1.0,0
parahippocampal_gyrus_right,precuneus_right,0.0024337850800419296,0.0025021185626118866,-2.807704062709583,0.023299518105153717,4
parahippocampal_gyrus_right,rostral_anterior_cingulate_cortex_right,0.00407931945247813,0.005206919246793403,-27.64186054686823,1.0,0
parahippocampal_gyrus_right,rostral_middle_frontal_gyrus_right,0.003019595760200933,0.003532229376694318,-16.9768954921063,0.0372759372031494,1
parahippocampal_gyrus_right,superior_frontal_gyrus_right,0.002428214465472062,0.002460388930217553,-1.3250256599239931,0.005689866029018293,16
parahippocampal_gyrus_right,superior_parietal_gyrus_right,0.002166974801872581,0.002437088007471256,-12.464990611116383,1.0,0
parahippocampal_gyrus_right,superior_temporal_gyrus_right,0.0038972905532063083,0.0036157660455043788,7.223595568729635,1.0,0
parahippocampal_gyrus_right,supramarginal_gyrus_right,0.0034830353291589447,0.0038092816664541014,-9.366724895493267,1.0,0
parahippocampal_gyrus_right,frontal_pole_right,0.0031864408648641773,0.002699320650834262,15.287282415977888,0.023299518105153717,4
parahippocampal_gyrus_right,temporal_pole_right,0.008742481048214509,0.00880450235398209,-0.7094245377889467,1.0,0
parahippocampal_gyrus_right,transverse_temporal_gyrus_right,0.004600690904841917,0.004377024823410125,4.861575925398474,0.014563484775012436,10
parahippocampal_gyrus_right,insula_right,0.007480083459091274,0.00821136623850491,-9.7763986647079,0.05963623316594643,0
paracentral_gyrus_right,inferior_frontal_gyrus_pars_opercularis_right,0.0036939268706917446,0.0034646093415089383,6.207960720669681,1.0,0
paracentral_gyrus_right,inferior_frontal_gyrus_pars_orbitalis_right,0.002154841073795421,0.0025060067055800877,-16.296590781339738,0.023299518105153717,2
paracentral_gyrus_right,inferior_frontal_gyrus_pars_triangularis_right,0.0035978214401321345,0.003662282530415145,-1.791670080231755,1.0,0
paracentral_gyrus_right,pericalcarine_cortex_right,0.0026537662225101922,0.0025404478395349,4.2700966654140595,0.023299518105153717,3
paracentral_gyrus_right,postcentral_gyrus_right,0.00347914484852455,0.0033870141135669885,2.648085635084516,0.029470517025518096,2
paracentral_gyrus_right,posterior_cingulate_gyrus_right,0.00562025437051828,0.005051108143052006,10.12669872117886,0.029470517025518096,5
paracentral_gyrus_right,precentral_gyrus_right,0.005802772204433872,0.006268171623837343,-8.020294490413765,1.0,0
paracentral_gyrus_right,precuneus_right,0.0029920711836310425,0.003256602845397254,-8.841088514651839,1.0,0
paracentral_gyrus_right,rostral_anterior_cingulate_cortex_right,0.0036966424930513432,0.0029350493475513387,20.602293755254593,1.0,0
paracentral_gyrus_right,rostral_middle_frontal_gyrus_right,0.0036435397046753757,0.003026888822682616,16.92450012830862,0.018420699693267165,8
paracentral_gyrus_right,superior_frontal_gyrus_right,0.0017227331061381989,0.001633469610224637,5.181504644887296,0.023299518105153717,1
paracentral_gyrus_right,superior_parietal_gyrus_right,0.0033887137938996615,0.003289244045545894,2.935324562753933,0.009102981779915217,14
paracentral_gyrus_right,superior_temporal_gyrus_right,0.00443631008575302,0.004197748448130099,5.377478873468492,0.029470517025518096,4
paracentral_gyrus_right,supramarginal_gyrus_right,0.0031269754484622198,0.0034245687021052136,-9.51696802702253,1.0,0
paracentral_gyrus_right,frontal_pole_right,0.0021429022209123543,0.0031221426724244955,-45.696926437232555,1.0,0
paracentral_gyrus_right,temporal_pole_right,0.0023179512467031253,0.002330736786852235,-0.551587966627643,1e-05,18
paracentral_gyrus_right,transverse_temporal_gyrus_right,0.004114968396304778,0.005186457580729451,-26.038819286847133,1.0,0
paracentral_gyrus_right,insula_right,0.0016320373722518797,0.001618360709801183,0.8380115972360195,1e-05,18
inferior_frontal_gyrus_pars_opercularis_right,inferior_frontal_gyrus_pars_orbitalis_right,0.0034723421418858674,0.0035249846881404254,-1.5160529724172633,0.014563484775012436,12
inferior_frontal_gyrus_pars_opercularis_right,inferior_frontal_gyrus_pars_triangularis_right,0.0060352207229590095,0.004382256855754785,27.38862326801185,0.0372759372031494,3
inferior_frontal_gyrus_pars_opercularis_right,pericalcarine_cortex_right,0.0017935887543636887,0.0017438929851140508,2.7707449173469256,0.029470517025518096,1
inferior_frontal_gyrus_pars_opercularis_right,postcentral_gyrus_right,0.003801631753957533,0.003594869592137614,5.4387740633920645,0.018420699693267165,12
inferior_frontal_gyrus_pars_opercularis_right,posterior_cingulate_gyrus_right,0.002610259776373845,0.002255011024094199,13.609708715396716,0.029470517025518096,2
inferior_frontal_gyrus_pars_opercularis_right,precentral_gyrus_right,0.0037033570310950658,0.003544590062601638,4.28710942964311,0.04714866363457394,0
inferior_frontal_gyrus_pars_opercularis_right,precuneus_right,0.0017586980784945238,0.0017679531342702803,-0.5262447198258733,1.0,0
inferior_frontal_gyrus_pars_opercularis_right,rostral_anterior_cingulate_cortex_right,0.003362906794393145,0.001969127357645056,41.445675481458125,0.014563484775012436,3
inferior_frontal_gyrus_pars_opercularis_right,rostral_middle_frontal_gyrus_right,0.004798218098831308,0.004742022821844787,1.171169709859752,1e-05,18
inferior_frontal_gyrus_pars_opercularis_right,superior_frontal_gyrus_right,0.0024980676393535823,0.0025230930666267056,-1.0017914198511864,1.0,0
inferior_frontal_gyrus_pars_opercularis_right,superior_parietal_gyrus_right,0.002615013923112636,0.002762076278425138,-5.623769495554138,0.023299518105153717,6
inferior_frontal_gyrus_pars_opercularis_right,superior_temporal_gyrus_right,0.0023521271451725193,0.0022260419070922574,5.360477146783406,1.0,0
inferior_frontal_gyrus_pars_opercularis_right,supramarginal_gyrus_right,0.0041196416314085394,0.00357755459534146,13.158596901588634,0.029470517025518096,2
inferior_frontal_gyrus_pars_opercularis_right,frontal_pole_right,0.0021270378485096324,0.0020615101088112624,3.080703982032279,0.023299518105153717,2
inferior_frontal_gyrus_pars_opercularis_right,temporal_pole_right,0.004401907553541165,0.003343239719801697,24.050205981445718,0.0013894954943731374,18
inferior_frontal_gyrus_pars_opercularis_right,transverse_temporal_gyrus_right,0.004311607596714054,0.004648489141793541,-7.813362824024836,1.0,0
inferior_frontal_gyrus_pars_opercularis_right,insula_right,0.0066487856989246134,0.005874351142784774,11.647759323406943,0.029470517025518096,5
inferior_frontal_gyrus_pars_orbitalis_right,inferior_frontal_gyrus_pars_triangularis_right,0.005695024934634142,0.006268881717739555,-10.076457780114684,1.0,0
inferior_frontal_gyrus_pars_orbitalis_right,pericalcarine_cortex_right,0.0030705498558746035,0.003220929424496899,-4.89748011531511,0.005689866029018293,14
inferior_frontal_gyrus_pars_orbitalis_right,postcentral_gyrus_right,0.0035330128902172813,0.0046543708312127225,-31.73942399418977,0.04714866363457394,0
inferior_frontal_gyrus_pars_orbitalis_right,posterior_cingulate_gyrus_right,0.0027884813003036797,0.002532894672005111,9.165800332630319,0.029470517025518096,1
inferior_frontal_gyrus_pars_orbitalis_right,precentral_gyrus_right,0.0026049807338408486,0.002269169879051304,12.891107040719513,1.0,0
inferior_frontal_gyrus_pars_orbitalis_right,precuneus_right,0.0021411208701778983,0.0024893096569190754,-16.261986494589973,0.018420699693267165,10
inferior_frontal_gyrus_pars_orbitalis_right,rostral_anterior_cingulate_cortex_right,0.004209814535542969,0.004227668783211265,-0.42411007700114717,0.0013894954943731374,17
inferior_frontal_gyrus_pars_orbitalis_right,rostral_middle_frontal_gyrus_right,0.006056908756778521,0.005469091032961404,9.704912974943976,1.0,0
inferior_frontal_gyrus_pars_orbitalis_right,superior_frontal_gyrus_right,0.0029865617193776993,0.002888357026411578,3.288219102553283,1.0,0
inferior_frontal_gyrus_pars_orbitalis_right,superior_parietal_gyrus_right,0.0018684632006397562,0.0018616139263060941,0.3665726106522683,0.029470517025518096,0
inferior_frontal_gyrus_pars_orbitalis_right,superior_temporal_gyrus_right,0.004852683494554808,0.005099342905002018,-5.08294865560441,0.014563484775012436,11
inferior_frontal_gyrus_pars_orbitalis_right,supramarginal_gyrus_right,0.0027742014576236014,0.0023718106771977074,14.504742592507483,0.0372759372031494,1
inferior_frontal_gyrus_pars_orbitalis_right,frontal_pole_right,0.007118343667229261,0.007378045502474421,-3.6483464045259666,1.0,0
inferior_frontal_gyrus_pars_orbitalis_right,temporal_pole_right,0.0032438565345140275,0.003106250416844319,4.242053130451516,0.018420699693267165,8
inferior_frontal_gyrus_pars_orbitalis_right,transverse_temporal_gyrus_right,0.0029344573405626338,0.0030032202722834176,-2.343292941092805,0.01151395399326447,10
inferior_frontal_gyrus_pars_orbitalis_right,insula_right,0.0030997932872996146,0.003443303142957011,-11.081702030416512,0.029470517025518096,3
inferior_frontal_gyrus_pars_triangularis_right,pericalcarine_cortex_right,0.002489827072427117,0.0025464578968919208,-2.2744882603272303,1.0,0
inferior_frontal_gyrus_pars_triangularis_right,postcentral_gyrus_right,0.003468638311477305,0.003109382017272528,10.357271699849514,0.0022229964825261957,16
inferior_frontal_gyrus_pars_triangularis_right,posterior_cingulate_gyrus_right,0.003240340481315159,0.0030413380832080756,6.141403943647129,1.0,0
inferior_frontal_gyrus_pars_triangularis_right,precentral_gyrus_right,0.005453161507147727,0.005591144864462645,-2.530336890518574,1.0,0
inferior_frontal_gyrus_pars_triangularis_right,precuneus_right,0.00248112260843881,0.002511455613566211,-1.2225516394970692,1.0,0
inferior_frontal_gyrus_pars_triangularis_right,rostral_anterior_cingulate_cortex_right,0.0043155941328206285,0.005421513472996007,-25.626120208217102,1.0,0
inferior_frontal_gyrus_pars_triangularis_right,rostral_middle_frontal_gyrus_right,0.003980868004815628,0.00362538123700813,8.929880804323785,0.0372759372031494,1
inferior_frontal_gyrus_pars_triangularis_right,superior_frontal_gyrus_right,0.004747834428805418,0.005048385864151417,-6.330284677210611,0.0013894954943731374,17
inferior_frontal_gyrus_pars_triangularis_right,superior_parietal_gyrus_right,0.003166721386108145,0.003596183589371512,-13.56172996927809,1.0,0
inferior_frontal_gyrus_pars_triangularis_right,superior_temporal_gyrus_right,0.00250802280104623,0.0032449075396268636,-29.38110204872298,0.004498432668969444,16
inferior_frontal_gyrus_pars_triangularis_right,supramarginal_gyrus_right,0.0039013256153610926,0.004968011453162443,-27.341625461903973,0.029470517025518096,5
inferior_frontal_gyrus_pars_triangularis_right,frontal_pole_right,0.0074999930360854445,0.006878095925770664,8.291969170139046,1.0,0
inferior_frontal_gyrus_pars_triangularis_right,temporal_pole_right,0.003278686196340596,0.004444173580249532,-35.54739045199746,0.029470517025518096,4
inferior_frontal_gyrus_pars_triangularis_right,transverse_temporal_gyrus_right,0.004221955745239158,0.003827683813495609,9.33860882336688,0.023299518105153717,6
inferior_frontal_gyrus_pars_triangularis_right,insula_right,0.0036796639758027473,0.004242287797428622,-15.290086957006288,1.0,0
pericalcarine_cortex_right,postcentral_gyrus_right,0.0030816538807916646,0.0027286813428245562,11.453996834856454,0.014563484775012436,9
pericalcarine_cortex_right,posterior_cingulate_gyrus_right,0.00517240290734393,0.006334443809131447,-22.46617138308421,1.0,0
pericalcarine_cortex_right,precentral_gyrus_right,0.004445951976449991,0.004525550333119782,-1.7903557458879455,1.0,0
pericalcarine_cortex_right,precuneus_right,0.003457988162958883,0.002632937516639061,23.85926751159998,1.0,0
pericalcarine_cortex_right,rostral_anterior_cingulate_cortex_right,0.001997178656925881,0.0020916255348077347,-4.729014980924608,1.0,0
pericalcarine_cortex_right,rostral_middle_frontal_gyrus_right,0.0016926153220197281,0.0016926153220197281,0.0,1.0,0
pericalcarine_cortex_right,superior_frontal_gyrus_right,0.001821072241279386,0.0025469296295352003,-39.85879152964665,0.002811768697974231,14
pericalcarine_cortex_right,superior_parietal_gyrus_right,0.002027190474139479,0.0022675428420980436,-11.856427455865576,1.0,0
pericalcarine_cortex_right,superior_temporal_gyrus_right,0.002020881463004092,0.002348871295622864,-16.230038160239577,1e-05,18
pericalcarine_cortex_right,supramarginal_gyrus_right,0.0038707303487354075,0.004726014425086899,-22.096193722999015,1.0,0
pericalcarine_cortex_right,frontal_pole_right,0.0021998827484421197,0.0025297279462188835,-14.993762645320466,1.0,0
pericalcarine_cortex_right,temporal_pole_right,0.004114783840868181,0.004633510084022192,-12.606403233190616,1.0,0
pericalcarine_cortex_right,transverse_temporal_gyrus_right,0.004337445125200722,0.004398707962560905,-1.4124175774407797,1.0,0
pericalcarine_cortex_right,insula_right,0.005410869804752643,0.004872622219705127,9.947524233067757,1.0,0
postcentral_gyrus_right,posterior_cingulate_gyrus_right,0.0020230068303273042,0.002831817472651491,-39.98061846352384,0.004498432668969444,15
postcentral_gyrus_right,precentral_gyrus_right,0.0013879259576175234,0.0012922761173552462,6.891566494401993,1.0,0
postcentral_gyrus_right,precuneus_right,0.0032336569682283657,0.003919513556023206,-21.20993644451418,1.0,0
postcentral_gyrus_right,rostral_anterior_cingulate_cortex_right,0.00471086051036618,0.005325324821760819,-13.043568368083067,1.0,0
postcentral_gyrus_right,rostral_middle_frontal_gyrus_right,0.003392729045852049,0.0033181514261417084,2.198160203848848,1.0,0
postcentral_gyrus_right,superior_frontal_gyrus_right,0.0024170172423909433,0.0025367138817856054,-4.952245987134816,1.0,0
postcentral_gyrus_right,superior_parietal_gyrus_right,0.004558334775308102,0.005115247507324701,-12.21746009163964,1.0,0
postcentral_gyrus_right,superior_temporal_gyrus_right,0.0030291752365054136,0.0034257457358437453,-13.091698841293594,1.0,0
postcentral_gyrus_right,supramarginal_gyrus_right,0.0035175848865754648,0.003660722720805715,-4.069207676452171,0.0010985411419875584,18
postcentral_gyrus_right,frontal_pole_right,0.0021782725261580856,0.0022137836194449077,-1.6302410676525647,1.0,0
postcentral_gyrus_right,temporal_pole_right,0.0017990192727862827,0.0016327724928548479,9.240967145057617,0.014563484775012436,5
postcentral_gyrus_right,transverse_temporal_gyrus_right,0.003817068193183209,0.0036470107035697715,4.455186048735994,1.0,0
postcentral_gyrus_right,insula_right,0.005239121098127528,0.0045806471124821245,12.568405526658724,0.018420699693267165,8
posterior_cingulate_gyrus_right,precentral_gyrus_right,0.0019592264478934043,0.001265255079484532,35.42068193061822,0.014563484775012436,6
posterior_cingulate_gyrus_right,precuneus_right,0.0022529033701265103,0.002075747376911964,7.863452803330759,0.029470517025518096,0
posterior_cingulate_gyrus_right,rostral_anterior_cingulate_cortex_right,0.0017907084190518952,0.0025932243877184818,-44.81555791709993,1.0,0
posterior_cingulate_gyrus_right,rostral_middle_frontal_gyrus_right,0.007297445743436471,0.0015590452729272678,78.63574012414526,0.004498432668969444,13
posterior_cingulate_gyrus_right,superior_frontal_gyrus_right,0.0033889870750294267,0.003076106014152218,9.232288408019143,1.0,0
posterior_cingulate_gyrus_right,superior_parietal_gyrus_right,0.0025695769164652106,0.0024736301612653332,3.7339514760221597,1.0,0
posterior_cingulate_gyrus_right,superior_temporal_gyrus_right,0.0022033860894435466,0.0017521239153398683,20.480394982326597,0.029470517025518096,0
posterior_cingulate_gyrus_right,supramarginal_gyrus_right,0.005225512015387676,0.005074841628168466,2.8833612242308093,1.0,0
posterior_cingulate_gyrus_right,frontal_pole_right,0.0018835797099364601,0.0016922946966617504,10.155397845157422,0.009102981779915217,12
posterior_cingulate_gyrus_right,temporal_pole_right,0.002464179871771093,0.0029980658921996335,-21.665870521246386,0.014563484775012436,9
posterior_cingulate_gyrus_right,transverse_temporal_gyrus_right,0.0032272992223499304,0.0031833244652186574,1.362586921805571,1.0,0
posterior_cingulate_gyrus_right,insula_right,0.0035442357708772034,0.0033303210998587725,6.035565488508308,1.0,0
precentral_gyrus_right,precuneus_right,0.002721514944236665,0.00257791727735494,5.276387226379951,1.0,0
precentral_gyrus_right,rostral_anterior_cingulate_cortex_right,0.0018966983136767977,0.001464447456936455,22.789647337346626,0.014563484775012436,4
precentral_gyrus_right,rostral_middle_frontal_gyrus_right,0.003156392365455885,0.003072291369162098,2.664465838094241,1.0,0
precentral_gyrus_right,superior_frontal_gyrus_right,0.0038408123453265368,0.0031044725911705596,19.171458742366006,1.0,0
precentral_gyrus_right,superior_parietal_gyrus_right,0.003345801184296214,0.003017369764225125,9.81622642769715,1.0,0
precentral_gyrus_right,superior_temporal_gyrus_right,0.0016424261439402289,0.0016712334570308496,-1.753948766396957,0.018420699693267165,6
precentral_gyrus_right,supramarginal_gyrus_right,0.007657390351848224,0.006926547227057675,9.544284556606804,1.0,0
precentral_gyrus_right,frontal_pole_right,0.00171653075783005,0.002137745233350306,-24.538708298634493,0.0010985411419875584,18
precentral_gyrus_right,temporal_pole_right,0.003430537751491992,0.0037795846327004397,-10.174698735107699,0.018420699693267165,9
precentral_gyrus_right,transverse_temporal_gyrus_right,0.002502940247704547,0.00250043271326151,0.10018355193802506,0.000339322177189533,18
precentral_gyrus_right,insula_right,0.0011034276936470217,0.0011829951855819591,-7.210938459587955,1.0,0
precuneus_right,rostral_anterior_cingulate_cortex_right,0.0020357382045872487,0.0024956186457924328,-22.59035273636406,0.023299518105153717,5
precuneus_right,rostral_middle_frontal_gyrus_right,0.003877965026062912,0.003705017629419891,4.459746167917486,1.0,0
precuneus_right,superior_frontal_gyrus_right,0.0015282394116445705,0.001531407533466759,-0.20730533436376614,0.014563484775012436,4
precuneus_right,superior_parietal_gyrus_right,0.0037437726190959635,0.004437386060352753,-18.527125224402152,0.029470517025518096,4
precuneus_right,superior_temporal_gyrus_right,0.0025330576081352596,0.0025281992771482593,0.19179709815509716,1.0,0
precuneus_right,supramarginal_gyrus_right,0.003729173479940806,0.0025984140401615467,30.321985444270833,0.014563484775012436,9
precuneus_right,frontal_pole_right,0.002943038636727612,0.003131463669103791,-6.402397509320183,0.029470517025518096,3
precuneus_right,temporal_pole_right,0.003843150066101001,0.00447910967318854,-16.547873388996756,1e-05,18
precuneus_right,transverse_temporal_gyrus_right,0.003932003985663556,0.0027200482148085564,30.82285204373903,0.023299518105153717,5
precuneus_right,insula_right,0.002543746604557905,0.0027729603926976423,-9.010873478082694,0.023299518105153717,5
rostral_anterior_cingulate_cortex_right,rostral_middle_frontal_gyrus_right,0.0022251339930408447,0.0020839866988285214,6.343316611663139,1.0,0
rostral_anterior_cingulate_cortex_right,superior_frontal_gyrus_right,0.00261305238511701,0.0033960729074057564,-29.965741473402694,1.0,0
rostral_anterior_cingulate_cortex_right,superior_parietal_gyrus_right,0.002106210320709277,0.0025898985963213987,-22.964861146879056,1.0,0
rostral_anterior_cingulate_cortex_right,superior_temporal_gyrus_right,0.003229740121517474,0.0034187181370172203,-5.85118332712652,1.0,0
rostral_anterior_cingulate_cortex_right,supramarginal_gyrus_right,0.001713103127568797,0.0016800422191727575,1.9298843055034816,1.0,0
rostral_anterior_cingulate_cortex_right,frontal_pole_right,0.002661101614221604,0.0021959711179731288,17.478870170259547,0.00021209508879201905,18
rostral_anterior_cingulate_cortex_right,temporal_pole_right,0.001921457010570381,0.0020120504330559848,-4.714829527136349,1.0,0
rostral_anterior_cingulate_cortex_right,transverse_temporal_gyrus_right,0.006436559196772857,0.007236704613677233,-12.431260125837893,0.05963623316594643,0
rostral_anterior_cingulate_cortex_right,insula_right,0.004438861888932587,0.0030711381538185947,30.812486834162094,1.0,0
rostral_middle_frontal_gyrus_right,superior_frontal_gyrus_right,0.004804691026279604,0.005232365899886615,-8.901194088606577,1.0,0
rostral_middle_frontal_gyrus_right,superior_parietal_gyrus_right,0.002685373700317805,0.002410399153541459,10.239712511662848,1.0,0
rostral_middle_frontal_gyrus_right,superior_temporal_gyrus_right,0.004358683012404989,0.004720711203753016,-8.305907778053147,0.04714866363457394,0
rostral_middle_frontal_gyrus_right,supramarginal_gyrus_right,0.005336686435325571,0.005137482764177773,3.7327220469464497,1.0,0
rostral_middle_frontal_gyrus_right,frontal_pole_right,0.005933628079843326,0.005417100422605788,8.705089875656254,1.0,0
rostral_middle_frontal_gyrus_right,temporal_pole_right,0.002741442709427339,0.002741442709427339,0.0,1.0,0
rostral_middle_frontal_gyrus_right,transverse_temporal_gyrus_right,0.001533428268817174,0.0010377695692589638,32.32356606680675,1.0,0
rostral_middle_frontal_gyrus_right,insula_right,0.002166471589548866,0.003914169146279445,-80.67022734853909,1.0,0
superior_frontal_gyrus_right,superior_parietal_gyrus_right,0.0039285334390806725,0.0030383567680044555,22.65926165272835,1e-05,18
superior_frontal_gyrus_right,superior_temporal_gyrus_right,0.005708068964105572,0.003429386458477294,39.920374472653855,0.029470517025518096,2
superior_frontal_gyrus_right,supramarginal_gyrus_right,0.002549093850989901,0.002240898864895666,12.090374231398052,0.0372759372031494,0
superior_frontal_gyrus_right,frontal_pole_right,0.0035646974519891288,0.0039974301440372055,-12.139394657647834,1.0,0
superior_frontal_gyrus_right,temporal_pole_right,0.003297350351388225,0.0036373397396301647,-10.310987672232038,1.0,0
superior_frontal_gyrus_right,transverse_temporal_gyrus_right,0.0020098967543471895,0.002214331168064492,-10.171388817616274,0.01151395399326447,13
superior_frontal_gyrus_right,insula_right,0.005546171800098005,0.004009596325644772,27.705154651467527,1e-05,18
superior_parietal_gyrus_right,superior_temporal_gyrus_right,0.004251690584813929,0.004615922017192301,-8.566743630858841,1.0,0
superior_parietal_gyrus_right,supramarginal_gyrus_right,0.004344793099007217,0.004363923883037221,-0.44031519094374144,0.01151395399326447,14
superior_parietal_gyrus_right,frontal_pole_right,0.0031374854775568332,0.0033793807538692825,-7.709845289891624,1e-05,18
superior_parietal_gyrus_right,temporal_pole_right,0.002306310792585346,0.002579248621598153,-11.834390659328564,0.029470517025518096,1
superior_parietal_gyrus_right,transverse_temporal_gyrus_right,0.002782847257778787,0.004039370114660707,-45.15241910491526,0.014563484775012436,7
superior_parietal_gyrus_right,insula_right,0.0025350290488537278,0.002870891052527106,-13.248842407752527,0.0372759372031494,0
superior_temporal_gyrus_right,supramarginal_gyrus_right,0.004833475104889428,0.004437330715823054,8.195850407207926,0.0071968567300115215,17
superior_temporal_gyrus_right,frontal_pole_right,0.003182093775542528,0.0035689799870099246,-12.158227844854592,1.0,0
superior_temporal_gyrus_right,temporal_pole_right,0.0064598685734170965,0.006875989255329289,-6.4416276768317555,0.01151395399326447,14
superior_temporal_gyrus_right,transverse_temporal_gyrus_right,0.006256673812910678,0.006142136821525696,1.83063708944894,1.0,0
superior_temporal_gyrus_right,insula_right,0.00555444163851795,0.005202670287256625,6.333154152199988,1.0,0
supramarginal_gyrus_right,frontal_pole_right,0.002622351334037574,0.002775666639161723,-5.846482244165705,1.0,0
supramarginal_gyrus_right,temporal_pole_right,0.004111069788296812,0.00449598134901977,-9.362807749425842,0.0372759372031494,3
supramarginal_gyrus_right,transverse_temporal_gyrus_right,0.0029114735675458765,0.002912883458916899,-0.04842535363324432,1.0,0
supramarginal_gyrus_right,insula_right,0.0034713536757665364,0.005063459050113383,-45.86410729224477,1.0,0
frontal_pole_right,temporal_pole_right,0.0017423232066313414,0.001726241032704371,0.9230304610396697,1.0,0
frontal_pole_right,transverse_temporal_gyrus_right,0.0021647650148414093,0.0019054228870962863,11.980151469887014,0.029470517025518096,1
frontal_pole_right,insula_right,0.0044880677550311245,0.004940886700526553,-10.089396377490473,0.04714866363457394,0
temporal_pole_right,transverse_temporal_gyrus_right,0.0038790150152689536,0.004097455540653578,-5.6313400315486755,0.0372759372031494,2
temporal_pole_right,insula_right,0.004552113079622091,0.0053115102755710185,-16.682300783529115,1.0,0
transverse_temporal_gyrus_right,insula_right,0.004412640555693086,0.004576454489396242,-3.7123788270451166,1.0,0
